sent_id,id,tb,lemma,pos,case,number,person,possessor's number,possessor's person,polarity,tense,aspect,verb form,evidentiality,mood,voice,numeral type,pronominal type,is this an echo word or a reduplicative?
pop_1901,1,v2.8,bakkal,proper noun,nominative,singular number,third person,,,,,,,,,,,,
pop_1901,2,v2.8,ziya,proper noun,nominative,singular number,third person,,,,,,,,,,,,
pop_1901,3,v2.8,...,punctuation,,,,,,,,,,,,,,,
pop_1901,1,v2.11,bakkal,proper noun,nominative,singular number,third person,,,,,,,,,,,,
pop_1901,2,v2.11,ziya,proper noun,nominative,singular number,third person,,,,,,,,,,,,
pop_1901,3,v2.11,...,punctuation,,,,,,,,,,,,,,,
bio_1087,1,v2.8,ayrıca,adverb,,,,,,,,,,,,,,,
bio_1087,2,v2.8,ara,adjective,locative,plural number,third person,singular number,third person,,,,,,,,,,
bio_1087,3,v2.8,Türk,adjective,genitive,plural number,third person,,,,,,,,,,,,
bio_1087,4,v2.8,de,coordinating conjunction,,,,,,,,,,,,,,,
bio_1087,5,v2.8,bulun,verb,,,,singular number,third person,positive,past tense,perfect aspect,participle,,,,,,
bio_1087,6,v2.8,bir,determiner,,,,,,,,,,,,,,,
bio_1087,7,v2.8,briç,noun,nominative,singular number,third person,,,,,,,,,,,,
bio_1087,8,v2.8,takım,noun,accusative,plural number,third person,,,,,,,,,,,,
bio_1087,9,v2.8,var,verb,,singular number,third person,,,,past tense,,,non-first hand,,,,,
bio_1087,10,v2.8,ve,coordinating conjunction,,,,,,,,,,,,,,,
bio_1087,11,v2.8,briç,noun,nominative,singular number,third person,,,,,,,,,,,,
bio_1087,12,v2.8,oyna,verb,,singular number,third person,,,positive,present tense,habitual aspect,converb,,imperative,,,,
bio_1087,13,v2.8,yalnızca,adverb,,,,,,,,,,,,,,,
bio_1087,14,v2.8,Türkçe,adjective,nominative,singular number,third person,,,,,,,,,,,,
bio_1087,15,v2.8,konuş,verb,dative,singular number,third person,,,positive,,,,,,,,,
bio_1087,16,v2.8,özen,noun,nominative,singular number,third person,,,,,,,,,,,,
bio_1087,17,v2.8,göster,verb,,plural number,third person,,,positive,present tense,habitual aspect,,non-first hand,,,,,
bio_1087,18,v2.8,.,punctuation,,,,,,,,,,,,,,,
bio_1087,1,v2.11,ayrıca,adverb,,,,,,,,,,,,,,,
bio_1087,2,v2.11,ara,noun,locative,plural number,third person,singular number,third person,,,,,,,,,,
bio_1087,3,v2.11,Türk,proper noun,genitive,plural number,third person,,,,,,,,,,,,
bio_1087,4,v2.11,de,coordinating conjunction,,,,,,,,,,,,,,,
bio_1087,5,v2.11,bulun,verb,,,,singular number,third person,positive,past tense,perfect aspect,participle,,,,,,
bio_1087,6,v2.11,bir,determiner,,,,,,,,,,,,,,,
bio_1087,7,v2.11,briç,noun,nominative,singular number,third person,,,,,,,,,,,,
bio_1087,8,v2.11,takım,noun,accusative,plural number,third person,,,,,,,,,,,,
bio_1087,9-10,v2.11,,,,,,,,,,,,,,,,,
bio_1087,9,v2.11,var,noun,,singular number,third person,,,,,,,,,,,,
bio_1087,10,v2.11,y,auxiliary verb,,singular number,third person,,,positive,past tense,,,non-first hand,,,,,
bio_1087,11,v2.11,ve,coordinating conjunction,,,,,,,,,,,,,,,
bio_1087,12,v2.11,briç,noun,nominative,singular number,third person,,,,,,,,,,,,
bio_1087,13,v2.11,oyna,verb,,singular number,third person,,,positive,present tense,habitual aspect,converb,,imperative,,,,
bio_1087,14,v2.11,yalnızca,adverb,,,,,,,,,,,,,,,
bio_1087,15,v2.11,Türkçe,proper noun,nominative,singular number,third person,,,,,,,,,,,,
bio_1087,16,v2.11,konuş,verb,dative,singular number,third person,,,positive,,,verbal noun,,,,,,
bio_1087,17,v2.11,özen,noun,nominative,singular number,third person,,,,,,,,,,,,
bio_1087,18-19,v2.11,,,,,,,,,,,,,,,,,
bio_1087,18,v2.11,göster,verb,,plural number,third person,,,positive,present tense,habitual aspect,,,,,,,
bio_1087,19,v2.11,y,auxiliary verb,,singular number,third person,,,positive,past tense,,,non-first hand,,,,,
bio_1087,20,v2.11,.,punctuation,,,,,,,,,,,,,,,
ins_1863,1,v2.8,böyle,adverb,,,,,,,,,,,,,,,
ins_1863,2,v2.8,su,noun,nominative,plural number,third person,singular number,third person,,,,,,,,,,
ins_1863,3,v2.8,Demir,adjective,nominative,singular number,third person,,,,,,,,,,,,
ins_1863,4,v2.8,ve,coordinating conjunction,,,,,,,,,,,,,,,
ins_1863,5,v2.8,manganez,adjective,ablative,singular number,third person,,,,,,,,,,,,
ins_1863,6,v2.8,kurtar,verb,nominative,,,,,positive,,,,,,,,,
ins_1863,7,v2.8,için,adposition,,,,,,,,,,,,,,,
ins_1863,8,v2.8,en,adverb,,,,,,,,,,,,,,,
ins_1863,9,v2.8,basit,adjective,,,,,,,,,,,,,,,
ins_1863,10,v2.8,usul,noun,nominative,singular number,third person,,,,,,,,,,,,
ins_1863,11,v2.8,",",punctuation,,,,,,,,,,,,,,,
ins_1863,12,v2.8,su,noun,accusative,plural number,third person,,,,,,,,,,,,
ins_1863,13-14,v2.8,,,,,,,,,,,,,,,,,
ins_1863,13,v2.8,hava,verb,nominative,singular number,third person,,,positive,,,,,,causative voice,,,
ins_1863,14,v2.8,i,auxiliary verb,nominative,singular number,third person,,,,,,,,,,,,
ins_1863,15,v2.8,.,punctuation,,,,,,,,,,,,,,,
ins_1863,1,v2.11,böyle,adverb,,,,,,,,,,,,,,,
ins_1863,2,v2.11,su,noun,accusative,plural number,third person,singular number,third person,,,,,,,,,,
ins_1863,3,v2.11,demir,noun,nominative,singular number,third person,,,,,,,,,,,,
ins_1863,4,v2.11,ve,coordinating conjunction,,,,,,,,,,,,,,,
ins_1863,5,v2.11,manganez,noun,ablative,singular number,third person,,,,,,,,,,,,
ins_1863,6,v2.11,kurtar,verb,nominative,singular number,third person,,,positive,,,verbal noun,,,,,,
ins_1863,7,v2.11,için,adposition,,,,,,,,,,,,,,,
ins_1863,8,v2.11,en,adverb,,,,,,,,,,,,,,,
ins_1863,9,v2.11,basit,adjective,,,,,,,,,,,,,,,
ins_1863,10,v2.11,usul,noun,nominative,singular number,third person,,,,,,,,,,,,
ins_1863,11,v2.11,",",punctuation,,,,,,,,,,,,,,,
ins_1863,12,v2.11,su,noun,accusative,plural number,third person,,,,,,,,,,,,
ins_1863,13-14,v2.11,,,,,,,,,,,,,,,,,
ins_1863,13,v2.11,havalan,verb,nominative,singular number,third person,,,positive,,,verbal noun,,,causative voice,,,
ins_1863,14,v2.11,y,auxiliary verb,,singular number,third person,,,,present tense,perfect aspect,,,generalized modality,,,,
ins_1863,15,v2.11,.,punctuation,,,,,,,,,,,,,,,
bio_1401,1,v2.8,ama,coordinating conjunction,,,,,,,,,,,,,,,
bio_1401,2,v2.8,on,numeral,,,,,,,,,,,,,cardinal number,,
bio_1401,3,v2.8,üç,numeral,,,,,,,,,,,,,cardinal number,,
bio_1401,4,v2.8,on,numeral,,,,,,,,,,,,,cardinal number,,
bio_1401,5,v2.8,dört,numeral,,,,,,,,,,,,,cardinal number,,
bio_1401,6,v2.8,yaş,verb,nominative,,,,,positive,present tense,perfect aspect,verbal noun,,indicative,,,,
bio_1401,7,v2.8,gel,verb,locative,singular number,third person,singular number,first person,positive,past tense,perfect aspect,participle,,,,,,
bio_1401,8,v2.8,",",punctuation,,,,,,,,,,,,,,,
bio_1401,9,v2.8,gen,adverb,,,,,,,,,,,,,,,
bio_1401,10,v2.8,ev,noun,locative,singular number,third person,,,,,,,,,,,,
bio_1401,11,v2.8,konuş,noun,ablative,plural number,third person,,,positive,,,,,,,,,
bio_1401,12,v2.8,",",punctuation,,,,,,,,,,,,,,,
bio_1401,13,v2.8,bil,verb,,singular number,first person,,,positive,past tense,progressive aspect,,first hand,,,,,
bio_1401,14,v2.8,bu,pronoun,genitive,plural number,third person,,,,,,,,,,,,
bio_1401,15,v2.8,ol,verb,accusative,singular number,third person,singular number,third person,positive,past tense,perfect aspect,participle,,,,,,
bio_1401,16,v2.8,.,punctuation,,,,,,,,,,,,,,,
bio_1401,1,v2.11,ama,coordinating conjunction,,,,,,,,,,,,,,,
bio_1401,2,v2.11,on,numeral,,,,,,,,,,,,,cardinal number,,
bio_1401,3,v2.11,üç,numeral,,,,,,,,,,,,,cardinal number,,
bio_1401,4,v2.11,on,numeral,,,,,,,,,,,,,cardinal number,,
bio_1401,5,v2.11,dört,numeral,,singular number,third person,singular number,first person,,,,,,,,cardinal number,,
bio_1401,6,v2.11,yaş,verb,nominative,,,,,,,,,,,,,,
bio_1401,7,v2.11,gel,verb,locative,singular number,third person,singular number,first person,positive,past tense,perfect aspect,participle,,,,,,
bio_1401,8,v2.11,",",punctuation,,,,,,,,,,,,,,,
bio_1401,9,v2.11,gene,adverb,,,,,,,,,,,,,,,
bio_1401,10-11,v2.11,,,,,,,,,,,,,,,,,
bio_1401,10,v2.11,ev,noun,locative,singular number,third person,,,,,,,,,,,,
bio_1401,11,v2.11,ki,particle,,,,,,,,,,,,,,,
bio_1401,12,v2.11,konuşma,noun,ablative,plural number,third person,,,,,,,,,,,,
bio_1401,13,v2.11,",",punctuation,,,,,,,,,,,,,,,
bio_1401,14-15,v2.11,,,,,,,,,,,,,,,,,
bio_1401,14,v2.11,bil,verb,,,,,,positive,,imperfect aspect,participle,,,,,,
bio_1401,15,v2.11,y,auxiliary verb,,singular number,first person,,,positive,past tense,,,first hand,,,,,
bio_1401,16,v2.11,bu,pronoun,genitive,plural number,third person,,,,,,,,,,,demonstrative pronoun,
bio_1401,17,v2.11,ol,verb,accusative,singular number,third person,singular number,third person,positive,past tense,perfect aspect,participle,,,,,,
bio_1401,18,v2.11,.,punctuation,,,,,,,,,,,,,,,
ess_316,1,v2.8,anlat,verb,accusative,singular number,third person,,,positive,,,,,,,,,
ess_316,2,v2.8,",",punctuation,,,,,,,,,,,,,,,
ess_316,3,v2.8,uyan,verb,accusative,singular number,third person,,,positive,,,,,,causative voice,,,
ess_316,4,v2.8,sür,verb,nominative,,,,,positive,,,,,potential,causative voice,,,
ess_316,5,v2.8,için,adposition,,,,,,,,,,,,,,,
ess_316,6,v2.8,",",punctuation,,,,,,,,,,,,,,,
ess_316,7,v2.8,ayak,noun,locative,singular number,third person,,,,,,,,,,,,
ess_316,8,v2.8,-,punctuation,,,,,,,,,,,,,,,
ess_316,9,v2.8,diri,pronoun,nominative,singular number,third person,singular number,third person,,,,,,,,,indefinite pronoun,
ess_316,10,v2.8,kal,verb,accusative,singular number,third person,,,positive,,,,,,,,,
ess_316,11,v2.8,becer,verb,nominative,singular number,third person,,,positive,,,,,,,,,
ess_316,12,v2.8,zorunlu,noun,accusative,singular number,third person,singular number,third person,,,,,,,,,,
ess_316,13,v2.8,",",punctuation,,,,,,,,,,,,,,,
ess_316,14,v2.8,sorumlu,noun,nominative,singular number,third person,singular number,third person,,,,,,,,,,
ess_316,15,v2.8,duy,verb,ablative,,,,,positive,,,,,,,,,
ess_316,16,v2.8,...,punctuation,,,,,,,,,,,,,,,
ess_316,1,v2.11,anlat,verb,accusative,singular number,third person,,,positive,,,verbal noun,,,,,,
ess_316,2,v2.11,",",punctuation,,,,,,,,,,,,,,,
ess_316,3,v2.11,uyan,verb,accusative,singular number,third person,,,positive,,,verbal noun,,,causative voice,,,
ess_316,4,v2.11,sür,verb,nominative,singular number,third person,,,positive,,,verbal noun,,potential,causative voice,,,
ess_316,5,v2.11,için,adposition,,,,,,,,,,,,,,,
ess_316,6,v2.11,",",punctuation,,,,,,,,,,,,,,,
ess_316,7,v2.11,ayak,noun,locative,singular number,third person,,,,,,,,,,,,
ess_316,8,v2.11,-,punctuation,,,,,,,,,,,,,,,
ess_316,9,v2.11,diri,pronoun,nominative,singular number,third person,singular number,third person,,,,,,,,,indefinite pronoun,
ess_316,10,v2.11,kal,verb,accusative,singular number,third person,,,positive,,,verbal noun,,,,,,
ess_316,11,v2.11,becer,verb,nominative,singular number,third person,,,positive,,,,,,,,,
ess_316,12,v2.11,zorunlulık,noun,accusative,singular number,third person,singular number,third person,,,,,,,,,,
ess_316,13,v2.11,",",punctuation,,,,,,,,,,,,,,,
ess_316,14,v2.11,sorumluluk,noun,nominative,singular number,third person,singular number,third person,,,,,,,,,,
ess_316,15,v2.11,duy,verb,ablative,singular number,third person,,,positive,,,verbal noun,,,,,,
ess_316,16,v2.11,...,punctuation,,,,,,,,,,,,,,,
pop_795,1,v2.8,aşağı,adverb,,,,,,,,,,,,,,,
pop_795,2,v2.8,yukarı,adjective,nominative,singular number,third person,,,,,,,,,,,,
pop_795,3,v2.8,böyle,adjective,,,,,,,,,,,,,,,
pop_795,4,v2.8,bir,determiner,,,,,,,,,,,,,,,
pop_795,5,v2.8,şey,noun,nominative,singular number,third person,,,,,,,,,,,,
pop_795,6,v2.8,;,punctuation,,,,,,,,,,,,,,,
pop_795,7,v2.8,detay,noun,nominative,plural number,third person,singular number,third person,,,,,,,,,,
pop_795,8,v2.8,atla,verb,,singular number,third person,,,positive,past tense,,,non-first hand,,,,,
pop_795,9,v2.8,ol,verb,,singular number,first person,,,positive,present tense,habitual aspect,,,potential,,,,
pop_795,10,v2.8,zira,adverb,,,,,,,,,,,,,,,
pop_795,11,v2.8,çok,adverb,,,,,,,,,,,,,,,
pop_795,12,v2.8,uzun,adjective,,,,,,,,,,,,,,,
pop_795,13,v2.8,yıl,adverb,,,,,,,,,,,,,,,
pop_795,14,v2.8,bu,determiner,,,,,,,,,,,,,,,
pop_795,15,v2.8,faaliyet,noun,locative,singular number,third person,,,,,,,,,,,,
pop_795,16,v2.8,bulun,verb,,singular number,first person,,,negative,present tense,progressive aspect,,,,,,,
pop_795,17,v2.8,.,punctuation,,,,,,,,,,,,,,,
pop_795,1,v2.11,aşağı,adverb,,,,,,,,,,,,,,,
pop_795,2,v2.11,yukarı,adjective,nominative,singular number,third person,,,,,,,,,,,,
pop_795,3,v2.11,böyle,adjective,,,,,,,,,,,,,,,
pop_795,4,v2.11,bir,determiner,,,,,,,,,,,,,,,
pop_795,5,v2.11,şey,noun,nominative,singular number,third person,,,,,,,,,,,,
pop_795,6,v2.11,;,punctuation,,,,,,,,,,,,,,,
pop_795,7,v2.11,detay,noun,accusative,plural number,third person,singular number,third person,,,,,,,,,,
pop_795,8,v2.11,atla,verb,,singular number,third person,,,positive,past tense,perfect aspect,participle,,,,,,
pop_795,9,v2.11,ol,verb,,singular number,first person,,,positive,present tense,habitual aspect,,,potential,,,,
pop_795,10,v2.11,zira,adverb,,,,,,,,,,,,,,,
pop_795,11,v2.11,çok,adverb,,,,,,,,,,,,,,,
pop_795,12,v2.11,uzun,adjective,,,,,,,,,,,,,,,
pop_795,13,v2.11,yıl,noun,nominative,plural number,third person,,,,,,,,,,,,
pop_795,14,v2.11,bu,determiner,,,,,,,,,,,,,,,
pop_795,15,v2.11,faaliyet,noun,locative,singular number,third person,,,,,,,,,,,,
pop_795,16,v2.11,bulun,verb,,singular number,first person,,,negative,present tense,imperfect aspect,,,,,,,
pop_795,17,v2.11,.,punctuation,,,,,,,,,,,,,,,
ess_976,1,v2.8,o,pronoun,genitive,singular number,third person,,,,,,,,,,,,
ess_976,2,v2.8,kadar,adposition,,,,,,,,,,,,,,,
ess_976,3,v2.8,renk,adjective,nominative,singular number,third person,,,,,,,,,,,,
ess_976,4,v2.8,değil,verb,nominative,singular number,third person,singular number,first person,,,,,,,,,,
ess_976,5,v2.8,.,punctuation,,,,,,,,,,,,,,,
ess_976,1,v2.11,o,pronoun,genitive,singular number,third person,,,,,,,,,,,,
ess_976,2,v2.11,kadar,adposition,,,,,,,,,,,,,,,
ess_976,3,v2.11,renkli,adjective,,,,,,,,,,,,,,,
ess_976,4,v2.11,değil,auxiliary verb,,singular number,first person,,,negative,present tense,,,,,,,,
ess_976,5,v2.11,.,punctuation,,,,,,,,,,,,,,,
ins_613,1,v2.8,Müthiş,noun,nominative,singular number,third person,,,,,,,,,,,,
ins_613,2,v2.8,bir,determiner,,,,,,,,,,,,,,,
ins_613,3,v2.8,güreş,noun,nominative,singular number,third person,,,,,,,,,,,,
ins_613,4,v2.8,ol,verb,,,,,,positive,present tense,,participle,,,,,,
ins_613,5,v2.8,Süleyman,proper noun,nominative,singular number,third person,,,,,,,,,,,,
ins_613,6,v2.8,bey,noun,nominative,singular number,third person,,,,,,,,,,,,
ins_613,7,v2.8,hiç,adverb,,,,,,,,,,,,,,,
ins_613,8,v2.8,kuşku,adjective,nominative,singular number,third person,,,,,,,,,,,,
ins_613,9,v2.8,fark,adjective,nominative,singular number,third person,,,,,,,,,,,,
ins_613,10,v2.8,koşul,noun,nominative,plural number,third person,,,,,,,,,,,,
ins_613,11,v2.8,alt,adjective,locative,singular number,third person,singular number,third person,,,,,,,,,,
ins_613,12,v2.8,sonra,adposition,nominative,singular number,third person,,,,,,,,,,,,
ins_613,13,v2.8,yıl,noun,locative,plural number,third person,,,,,,,,,,,,
ins_613,14,v2.8,Dünya,noun,nominative,singular number,third person,,,,,,,,,,,,
ins_613,15,v2.8,ve,coordinating conjunction,,,,,,,,,,,,,,,
ins_613,16,v2.8,hat,coordinating conjunction,,,,,,,,,,,,,,,
ins_613,17,v2.8,olimpiyat,noun,nominative,singular number,third person,,,,,,,,,,,,
ins_613,18,v2.8,şampiyon,noun,nominative,singular number,third person,singular number,third person,,,,,,,,,,
ins_613,19,v2.8,ol,verb,,singular number,third person,,,positive,future tense,imperfect aspect,,,potential,,,,
ins_613,20,v2.8,yetenek,adjective,dative,singular number,third person,,,,,,,,,,,,
ins_613,21,v2.8,de,coordinating conjunction,,,,,,,,,,,,,,,
ins_613,22,v2.8,sahip,verb,nominative,singular number,third person,,,,past tense,,,non-first hand,,,,,
ins_613,23,v2.8,.,punctuation,,,,,,,,,,,,,,,
ins_613,1,v2.11,Müthiş,adjective,,,,,,,,,,,,,,,
ins_613,2,v2.11,bir,determiner,,,,,,,,,,,,,,,
ins_613,3,v2.11,güreşçi,noun,accusative,singular number,third person,,,,,,,,,,,,
ins_613,4,v2.11,ol,auxiliary verb,,,,,,positive,present tense,,participle,,,,,,
ins_613,5,v2.11,Süleyman,proper noun,nominative,singular number,third person,,,,,,,,,,,,
ins_613,6,v2.11,bey,noun,nominative,singular number,third person,,,,,,,,,,,,
ins_613,7,v2.11,hiç,adverb,,,,,,,,,,,,,,,
ins_613,8,v2.11,kuşkusuz,adverb,,,,,,,,,,,,,,,
ins_613,9,v2.11,farklı,adjective,,,,,,,,,,,,,,,
ins_613,10,v2.11,koşul,noun,nominative,plural number,third person,,,,,,,,,,,,
ins_613,11,v2.11,alt,noun,locative,singular number,third person,singular number,third person,,,,,,,,,,
ins_613,12,v2.11,sonraki,adjective,,,,,,,,,,,,,,,
ins_613,13,v2.11,yıl,noun,locative,plural number,third person,,,,,,,,,,,,
ins_613,14,v2.11,dünya,noun,nominative,singular number,third person,,,,,,,,,,,,
ins_613,15,v2.11,ve,coordinating conjunction,,,,,,,,,,,,,,,
ins_613,16,v2.11,hatta,adverb,,,,,,,,,,,,,,,
ins_613,17,v2.11,olimpiyat,noun,nominative,singular number,third person,,,,,,,,,,,,
ins_613,18,v2.11,şampiyon,noun,nominative,singular number,third person,singular number,third person,,,,,,,,,,
ins_613,19,v2.11,ol,verb,,,,,,positive,future tense,prospective aspect,participle,,potential,,,,
ins_613,20,v2.11,yetenek,noun,dative,singular number,third person,,,,,,,,,,,,
ins_613,21,v2.11,de,particle,,,,,,,,,,,,,,,
ins_613,22-23,v2.11,,,,,,,,,,,,,,,,,
ins_613,22,v2.11,sahip,adjective,,,,,,,,,,,,,,,
ins_613,23,v2.11,y,auxiliary verb,,singular number,third person,,,positive,past tense,perfect aspect,,non-first hand,,,,,
ins_613,24,v2.11,.,punctuation,,,,,,,,,,,,,,,
pop_85,1,v2.8,insan,noun,nominative,plural number,third person,,,,,,,,,,,,
pop_85,2,v2.8,fark,noun,locative,singular number,third person,singular number,third person,,,,,,,,,,
pop_85,3,v2.8,bile,adverb,,,,,,,,,,,,,,,
pop_85,4,v2.8,ol,verb,ablative,singular number,third person,,,positive,,,,,,,,,
pop_85,5,v2.8,",",punctuation,,,,,,,,,,,,,,,
pop_85,6,v2.8,yaşam,noun,accusative,plural number,third person,plural number,third person,,,,,,,,,,
pop_85,7,v2.8,sanal,adjective,,,,,,,,,,,,,,,
pop_85,8,v2.8,ortam,noun,locative,singular number,third person,,,,,,,,,,,,
pop_85,9,v2.8,ve,coordinating conjunction,,,,,,,,,,,,,,,
pop_85,10,v2.8,sanal,noun,nominative,singular number,third person,,,,,,,,,,,,
pop_85,11,v2.8,insan,noun,instrumental,plural number,third person,,,,,,,,,,,,
pop_85,12,v2.8,yaşa,verb,dative,singular number,third person,,,positive,,,,,,,,,
pop_85,13,v2.8,ve,coordinating conjunction,,,,,,,,,,,,,,,
pop_85,14,v2.8,paylaş,noun,dative,singular number,third person,,,positive,,,,,,,,,
pop_85,15,v2.8,başla,verb,,plural number,third person,,,positive,present tense,habitual aspect,,,,,,,
pop_85,16,v2.8,.,punctuation,,,,,,,,,,,,,,,
pop_85,1,v2.11,insan,noun,nominative,plural number,third person,,,,,,,,,,,,
pop_85,2,v2.11,fark,noun,locative,singular number,third person,singular number,third person,,,,,,,,,,
pop_85,3,v2.11,bile,adverb,,,,,,,,,,,,,,,
pop_85,4,v2.11,ol,verb,,singular number,third person,,,negative,,,converb,,,,,,
pop_85,5,v2.11,",",punctuation,,,,,,,,,,,,,,,
pop_85,6,v2.11,yaşam,noun,accusative,plural number,third person,plural number,third person,,,,,,,,,,
pop_85,7,v2.11,sanal,adjective,,,,,,,,,,,,,,,
pop_85,8,v2.11,ortam,noun,locative,singular number,third person,,,,,,,,,,,,
pop_85,9,v2.11,ve,coordinating conjunction,,,,,,,,,,,,,,,
pop_85,10,v2.11,sanal,noun,nominative,singular number,third person,,,,,,,,,,,,
pop_85,11,v2.11,insan,noun,instrumental,plural number,third person,,,,,,,,,,,,
pop_85,12,v2.11,yaşa,verb,dative,singular number,third person,,,positive,,,verbal noun,,,,,,
pop_85,13,v2.11,ve,coordinating conjunction,,,,,,,,,,,,,,,
pop_85,14,v2.11,paylaş,verb,dative,singular number,third person,,,positive,,,verbal noun,,,,,,
pop_85,15,v2.11,başla,verb,,plural number,third person,,,positive,present tense,habitual aspect,,,,,,,
pop_85,16,v2.11,.,punctuation,,,,,,,,,,,,,,,
ess_1514,1,v2.8,kimse,noun,genitive,singular number,third person,,,,,,,,,,,,
ess_1514,2,v2.8,saçı,noun,nominative,singular number,third person,,,,,,,,,,,,
ess_1514,3-4,v2.8,,,,,,,,,,,,,,,,,
ess_1514,3,v2.8,dök,verb,,singular number,third person,,,negative,present tense,habitual aspect,,,,passive voice,,,
ess_1514,4,v2.8,i,auxiliary verb,,singular number,third person,,,,present tense,perfect aspect,,,conditional,,,,
ess_1514,5,v2.8,",",punctuation,,,,,,,,,,,,,,,
ess_1514,6,v2.8,o,determiner,,,,,,,,,,,,,,,
ess_1514,7,v2.8,ürün,noun,accusative,singular number,third person,,,,,,,,,,,,
ess_1514,8,v2.8,kullan,verb,dative,singular number,third person,,,positive,,,,,,,,,
ess_1514,9,v2.8,ne,pronoun,nominative,singular number,third person,,,,,,,,,,,,
ess_1514,10,v2.8,hacet,noun,nominative,singular number,third person,,,,,,,,,,,,
ess_1514,11,v2.8,!,punctuation,,,,,,,,,,,,,,,
ess_1514,1,v2.11,kimse,noun,genitive,singular number,third person,,,,,,,,,,,,
ess_1514,2,v2.11,saçı,noun,nominative,singular number,third person,,,,,,,,,,,,
ess_1514,3-4,v2.11,,,,,,,,,,,,,,,,,
ess_1514,3,v2.11,dök,verb,,singular number,third person,,,negative,present tense,habitual aspect,,,,passive voice,,,
ess_1514,4,v2.11,y,auxiliary verb,,singular number,third person,,,,present tense,perfect aspect,,,conditional,,,,
ess_1514,5,v2.11,",",punctuation,,,,,,,,,,,,,,,
ess_1514,6,v2.11,o,determiner,,,,,,,,,,,,,,,
ess_1514,7,v2.11,ürün,noun,accusative,singular number,third person,,,,,,,,,,,,
ess_1514,8,v2.11,kullan,verb,dative,singular number,third person,,,positive,,,verbal noun,,,,,,
ess_1514,9,v2.11,ne,pronoun,nominative,singular number,third person,,,,,,,,,,,"interrogative pronoun, determiner, numeral or adverb",
ess_1514,10,v2.11,hacet,noun,nominative,singular number,third person,,,,,,,,,,,,
ess_1514,11,v2.11,!,punctuation,,,,,,,,,,,,,,,
news_1434,1,v2.8,o,pronoun,genitive,plural number,third person,,,,,,,,,,,,
news_1434,2,v2.8,değiş,noun,nominative,plural number,third person,singular number,third person,negative,,,,,,,,,
news_1434,3,v2.8,",",punctuation,,,,,,,,,,,,,,,
news_1434,4,v2.8,iş,adverb,,,,,,,,,,,,,,,
news_1434,5,v2.8,bir,determiner,,,,,,,,,,,,,,,
news_1434,6,v2.8,arpa,noun,nominative,singular number,third person,,,,,,,,,,,,
news_1434,7,v2.8,boy,noun,nominative,singular number,third person,singular number,third person,,,,,,,,,,
news_1434,8,v2.8,dâhi,adjective,nominative,singular number,third person,,,,,,,,,,,,
news_1434,9,v2.8,ilerle,verb,,,,,,negative,present tense,,participle,,,,,,
news_1434,10,v2.8,Türkiye,noun,genitive,singular number,third person,plural number,first person,,,,,,,,,,
news_1434,11,v2.8,kara,adjective,nominative,singular number,third person,,,,,,,,,,,,
news_1434,12,v2.8,baht,noun,nominative,singular number,third person,singular number,third person,,,,,,,,,,
news_1434,13,v2.8,.,punctuation,,,,,,,,,,,,,,,
news_1434,1,v2.11,o,pronoun,genitive,plural number,third person,,,,,,,,,,,,
news_1434,2,v2.11,değiş,verb,nominative,plural number,third person,singular number,third person,negative,,,verbal noun,,,,,,
news_1434,3,v2.11,",",punctuation,,,,,,,,,,,,,,,
news_1434,4,v2.11,işte,adverb,,,,,,,,,,,,,,,
news_1434,5,v2.11,bir,determiner,,,,,,,,,,,,,,,
news_1434,6,v2.11,arpa,noun,nominative,singular number,third person,,,,,,,,,,,,
news_1434,7,v2.11,boy,noun,nominative,singular number,third person,singular number,third person,,,,,,,,,,
news_1434,8,v2.11,dâhi,adverb,,,,,,,,,,,,,,,
news_1434,9,v2.11,ilerle,verb,,,,,,negative,present tense,,participle,,,,,,
news_1434,10,v2.11,Türkiye,proper noun,genitive,singular number,third person,plural number,first person,,,,,,,,,,
news_1434,11,v2.11,kara,adjective,,,,,,,,,,,,,,,
news_1434,12-13,v2.11,,,,,,,,,,,,,,,,,
news_1434,12,v2.11,baht,noun,nominative,singular number,third person,singular number,third person,,,,,,,,,,
news_1434,13,v2.11,i,auxiliary verb,,singular number,third person,,,,present tense,perfect aspect,,,generalized modality,,,,
news_1434,14,v2.11,.,punctuation,,,,,,,,,,,,,,,
news_1344,1,v2.8,bu,determiner,,,,,,,,,,,,,,,
news_1344,2,v2.8,karar,noun,instrumental,singular number,third person,,,,,,,,,,,,
news_1344,3,v2.8,polis,noun,dative,singular number,third person,,,,,,,,,,,,
news_1344,4,v2.8,ve,coordinating conjunction,,,,,,,,,,,,,,,
news_1344,5,v2.8,savcılık,noun,dative,plural number,third person,,,,,,,,,,,,
news_1344,6,v2.8,bu,determiner,,,,,,,,,,,,,,,
news_1344,7,v2.8,yön,noun,locative,singular number,third person,,,,,,,,,,,,
news_1344,8,v2.8,yap,verb,,,,,,positive,present tense,,participle,,,passive voice,,,
news_1344,9,v2.8,şikâyet,noun,genitive,plural number,third person,,,,,,,,,,,,
news_1344,10,v2.8,de,coordinating conjunction,,,,,,,,,,,,,,,
news_1344,11,v2.8,azal,adjective,,,,,,,,,,,,,,,
news_1344,12,v2.8,belir,verb,,singular number,third person,,,positive,past tense,perfect aspect,,first hand,,passive voice,,,
news_1344,13,v2.8,.,punctuation,,,,,,,,,,,,,,,
news_1344,1,v2.11,bu,determiner,,,,,,,,,,,,,,,
news_1344,2,v2.11,karar,noun,instrumental,singular number,third person,,,,,,,,,,,,
news_1344,3,v2.11,polis,noun,dative,singular number,third person,,,,,,,,,,,,
news_1344,4,v2.11,ve,coordinating conjunction,,,,,,,,,,,,,,,
news_1344,5,v2.11,savcılık,noun,dative,plural number,third person,,,,,,,,,,,,
news_1344,6,v2.11,bu,determiner,,,,,,,,,,,,,,,
news_1344,7,v2.11,yön,noun,locative,singular number,third person,,,,,,,,,,,,
news_1344,8,v2.11,yap,verb,,,,,,positive,present tense,,participle,,,passive voice,,,
news_1344,9,v2.11,şikâyet,noun,genitive,plural number,third person,,,,,,,,,,,,
news_1344,10,v2.11,de,particle,,,,,,,,,,,,,,,
news_1344,11,v2.11,azal,verb,nominative,singular number,third person,singular number,third person,positive,future tense,prospective aspect,participle,,,,,,
news_1344,12,v2.11,belir,verb,,singular number,third person,,,positive,past tense,perfect aspect,,first hand,,passive causative voice,,,
news_1344,13,v2.11,.,punctuation,,,,,,,,,,,,,,,
ins_1085,1,v2.8,asla,adverb,,,,,,,,,,,,,,,
ins_1085,2,v2.8,yol,noun,accusative,plural number,third person,singular number,third person,,,,,,,,,,
ins_1085,3,v2.8,şaşır,verb,,plural number,third person,,,negative,present tense,habitual aspect,,,,,,,
ins_1085,4,v2.8,!,punctuation,,,,,,,,,,,,,,,
ins_1085,5,v2.8,her,determiner,,,,,,,,,,,,,,,
ins_1085,6,v2.8,akşam,noun,nominative,singular number,third person,,,,,,,,,,,,
ins_1085,7,v2.8,tarla,noun,ablative,plural number,third person,,,,,,,,,,,,
ins_1085,8,v2.8,kalk,verb,,,,,,positive,,,,,,,,,
ins_1085,9,v2.8,sürü,noun,nominative,plural number,third person,,,,,,,,,,,,
ins_1085,10,v2.8,hâl,noun,locative,singular number,third person,singular number,third person,,,,,,,,,,
ins_1085,11,v2.8,göl,noun,dative,singular number,third person,,,,,,,,,,,,
ins_1085,12,v2.8,doğru,adposition,,,,,,,,,,,,,,,
ins_1085,13,v2.8,Uçar,verb,nominative,plural number,third person,,,,,,,,,,,,
ins_1085,14,v2.8,.,punctuation,,,,,,,,,,,,,,,
ins_1085,1,v2.11,asla,adverb,,,,,,,,,,,,,,,
ins_1085,2,v2.11,yol,noun,accusative,plural number,third person,singular number,third person,,,,,,,,,,
ins_1085,3,v2.11,şaşır,verb,,plural number,third person,,,negative,present tense,habitual aspect,,,,,,,
ins_1085,4,v2.11,!,punctuation,,,,,,,,,,,,,,,
ins_1085,5,v2.11,her,determiner,,,,,,,,,,,,,,,
ins_1085,6,v2.11,akşam,noun,nominative,singular number,third person,,,,,,,,,,,,
ins_1085,7,v2.11,tarla,noun,ablative,plural number,third person,,,,,,,,,,,,
ins_1085,8,v2.11,kalk,verb,,,,,,positive,,,,,,,,,
ins_1085,9,v2.11,sürü,noun,nominative,plural number,third person,,,,,,,,,,,,
ins_1085,10,v2.11,hâl,noun,locative,singular number,third person,singular number,third person,,,,,,,,,,
ins_1085,11,v2.11,göl,noun,dative,singular number,third person,,,,,,,,,,,,
ins_1085,12,v2.11,doğru,adposition,,,,,,,,,,,,,,,
ins_1085,13,v2.11,uç,verb,nominative,plural number,third person,,,,,,,,,,,,
ins_1085,14,v2.11,.,punctuation,,,,,,,,,,,,,,,
ins_1037,1,v2.8,hem,coordinating conjunction,,,,,,,,,,,,,,,
ins_1037,2,v2.8,bir,determiner,,,,,,,,,,,,,,,
ins_1037,3,v2.8,şey,noun,nominative,plural number,third person,,,,,,,,,,,,
ins_1037,4,v2.8,sat,verb,dative,singular number,third person,,,positive,,,,,,,,,
ins_1037,5,v2.8,hem,coordinating conjunction,,,,,,,,,,,,,,,
ins_1037,6,v2.8,bir,determiner,,,,,,,,,,,,,,,
ins_1037,7,v2.8,şey,noun,nominative,plural number,third person,,,,,,,,,,,,
ins_1037,8,v2.8,al,verb,,,,,,positive,,,,,,,,,
ins_1037,9,v2.8,gel,verb,dative,singular number,third person,,,positive,,,,,,,,,
ins_1037,10,v2.8,.,punctuation,,,,,,,,,,,,,,,
ins_1037,1,v2.11,hem,coordinating conjunction,,,,,,,,,,,,,,,
ins_1037,2,v2.11,bir,determiner,,,,,,,,,,,,,,,
ins_1037,3,v2.11,şey,noun,accusative,plural number,third person,,,,,,,,,,,,
ins_1037,4,v2.11,sat,verb,dative,singular number,third person,,,positive,,,verbal noun,,,,,,
ins_1037,5,v2.11,hem,coordinating conjunction,,,,,,,,,,,,,,,
ins_1037,6,v2.11,bir,determiner,,,,,,,,,,,,,,,
ins_1037,7,v2.11,şey,noun,accusative,plural number,third person,,,,,,,,,,,,
ins_1037,8,v2.11,al,verb,,,,,,positive,,,converb,,,,,,
ins_1037,9,v2.11,gel,verb,dative,singular number,third person,,,positive,,,verbal noun,,,,,,
ins_1037,10,v2.11,.,punctuation,,,,,,,,,,,,,,,
bio_1990,1,v2.8,biz,pronoun,genitive,plural number,first person,,,,,,,,,,,,
bio_1990,2,v2.8,Şefik,proper noun,nominative,singular number,third person,,,,,,,,,,,,
bio_1990,3,v2.8,dert,adjective,nominative,singular number,third person,,,,,,,,,,,,
bio_1990,4,v2.8,dağıtım,noun,nominative,singular number,third person,,,,,,,,,,,,
bio_1990,5,v2.8,merkez,noun,nominative,singular number,third person,singular number,third person,,,,,,,,,,
bio_1990,6,v2.8,sanki,adverb,,,,,,,,,,,,,,,
bio_1990,7,v2.8,.,punctuation,,,,,,,,,,,,,,,
bio_1990,1,v2.11,biz,pronoun,genitive,plural number,first person,,,,,,,,,,,,
bio_1990,2,v2.11,Şefik,proper noun,nominative,singular number,third person,,,,,,,,,,,,
bio_1990,3,v2.11,dert,noun,nominative,singular number,third person,,,,,,,,,,,,
bio_1990,4,v2.11,dağıtım,noun,nominative,singular number,third person,,,,,,,,,,,,
bio_1990,5,v2.11,merkez,noun,nominative,singular number,third person,singular number,third person,,,,,,,,,,
bio_1990,6,v2.11,sanki,adverb,,,,,,,,,,,,,,,
bio_1990,7,v2.11,.,punctuation,,,,,,,,,,,,,,,
pop_1612,1,v2.8,soğan,noun,accusative,singular number,third person,,,,,,,,,,,,
pop_1612,2,v2.8,yemek,noun,nominative,singular number,third person,,,,,,,,,,,,
pop_1612,3,v2.8,doğra,verb,,plural number,second person,,,positive,,,,,imperative,,,,
pop_1612,4,v2.8,.,punctuation,,,,,,,,,,,,,,,
pop_1612,1,v2.11,soğan,noun,accusative,singular number,third person,,,,,,,,,,,,
pop_1612,2,v2.11,yemeklik,noun,nominative,singular number,third person,,,,,,,,,,,,
pop_1612,3,v2.11,doğra,verb,,plural number,second person,,,positive,,,,,imperative,,,,
pop_1612,4,v2.11,.,punctuation,,,,,,,,,,,,,,,
ins_1076,1,v2.8,etkin,noun,nominative,plural number,third person,,,,,,,,,,,,
ins_1076,2,v2.8,söz,noun,nominative,singular number,third person,,,,,,,,,,,,
ins_1076,3,v2.8,konu,noun,nominative,singular number,third person,singular number,third person,,,,,,,,,,
ins_1076,4,v2.8,ol,noun,,,,,,,,,,,,,,,
ins_1076,5,v2.8,ilk,adverb,,,,,,,,,,,,,,,
ins_1076,6,v2.8,akıl,noun,dative,singular number,third person,,,,,,,,,,,,
ins_1076,7,v2.8,gel,verb,,,,,,positive,present tense,,participle,,,,,,
ins_1076,8,v2.8,kriter,noun,nominative,singular number,third person,,,,,,,,,,,,
ins_1076,9,v2.8,",",punctuation,,,,,,,,,,,,,,,
ins_1076,10,v2.8,marka,noun,genitive,singular number,third person,,,,,,,,,,,,
ins_1076,11,v2.8,/kurum,noun,genitive,singular number,third person,,,,,,,,,,,,
ins_1076,12,v2.8,iletişim,noun,nominative,singular number,third person,,,,,,,,,,,,
ins_1076,13,v2.8,strateji,noun,instrumental,singular number,third person,singular number,third person,,,,,,,,,,
ins_1076,14-15,v2.8,,,,,,,,,,,,,,,,,
ins_1076,14,v2.8,tutarlı,noun,nominative,singular number,third person,,,,,,,,,,,,
ins_1076,15,v2.8,i,auxiliary verb,nominative,singular number,third person,,,,,,,,,,,,
ins_1076,16,v2.8,.,punctuation,,,,,,,,,,,,,,,
ins_1076,1,v2.11,etkinlik,noun,nominative,plural number,third person,,,,,,,,,,,,
ins_1076,2,v2.11,söz,noun,nominative,singular number,third person,,,,,,,,,,,,
ins_1076,3,v2.11,konu,noun,nominative,singular number,third person,singular number,third person,,,,,,,,,,
ins_1076,4,v2.11,ol,verb,locative,singular number,third person,singular number,third person,positive,past tense,perfect aspect,participle,,,,,,
ins_1076,5,v2.11,ilk,adjective,,,,,,,,,,,,,,,
ins_1076,6,v2.11,akıl,noun,dative,singular number,third person,,,,,,,,,,,,
ins_1076,7,v2.11,gel,verb,,,,,,positive,present tense,,participle,,,,,,
ins_1076,8,v2.11,kriter,noun,nominative,singular number,third person,,,,,,,,,,,,
ins_1076,9,v2.11,",",punctuation,,,,,,,,,,,,,,,
ins_1076,10,v2.11,marka,noun,genitive,singular number,third person,,,,,,,,,,,,
ins_1076,11,v2.11,/kurum,noun,genitive,singular number,third person,,,,,,,,,,,,
ins_1076,12,v2.11,iletişim,noun,nominative,singular number,third person,,,,,,,,,,,,
ins_1076,13,v2.11,strateji,noun,instrumental,singular number,third person,singular number,third person,,,,,,,,,,
ins_1076,14-15,v2.11,,,,,,,,,,,,,,,,,
ins_1076,14,v2.11,tutarlılık,noun,nominative,singular number,third person,,,,,,,,,,,,
ins_1076,15,v2.11,i,auxiliary verb,,singular number,third person,,,,present tense,perfect aspect,,,generalized modality,,,,
ins_1076,16,v2.11,.,punctuation,,,,,,,,,,,,,,,
bio_1762,1,v2.8,Mahmut,proper noun,genitive,singular number,third person,,,,,,,,,,,,
bio_1762,2,v2.8,düzen,noun,nominative,singular number,third person,singular number,third person,,,,,,,,,,
bio_1762,3,v2.8,boz,verb,,singular number,third person,,,positive,past tense,perfect aspect,,first hand,potential,passive voice,,,
bio_1762,4,v2.8,.,punctuation,,,,,,,,,,,,,,,
bio_1762,1,v2.11,Mahmut,proper noun,genitive,singular number,third person,,,,,,,,,,,,
bio_1762,2,v2.11,düzen,noun,nominative,singular number,third person,singular number,third person,,,,,,,,,,
bio_1762,3-4,v2.11,,,,,,,,,,,,,,,,,
bio_1762,3,v2.11,boz,verb,,,,,,positive,,habitual aspect,participle,,,,,,
bio_1762,4,v2.11,y,auxiliary verb,,singular number,third person,,,positive,past tense,,,first hand,,,,,
bio_1762,5,v2.11,.,punctuation,,,,,,,,,,,,,,,
news_1406,1,v2.8,döner,verb,nominative,singular number,third person,,,,,,converb,,imperative,,,,
news_1406,2,v2.8,de,coordinating conjunction,,,,,,,,,,,,,,,
news_1406,3,v2.8,sor,verb,,plural number,second person,,,positive,present tense,progressive aspect,,,,,,,
news_1406,4,v2.8,...,punctuation,,,,,,,,,,,,,,,
news_1406,1-2,v2.11,,,,,,,,,,,,,,,,,
news_1406,1,v2.11,dön,verb,,,,,,positive,present tense,habitual aspect,participle,,,,,,
news_1406,2,v2.11,y,auxiliary verb,,,,,,positive,,,converb,,,,,,
news_1406,3,v2.11,de,particle,,,,,,,,,,,,,,,
news_1406,4,v2.11,sor,verb,,plural number,second person,,,positive,present tense,imperfect aspect,,,,,,,
news_1406,5,v2.11,...,punctuation,,,,,,,,,,,,,,,
bio_1380,1,v2.8,her,determiner,,,,,,,,,,,,,,,
bio_1380,2,v2.8,taraf,noun,nominative,singular number,third person,,,,,,,,,,,,
bio_1380,3,v2.8,Güneş,numeral,nominative,singular number,third person,,,,,,,,,,,,
bio_1380,4,v2.8,alt,numeral,locative,singular number,third person,singular number,third person,,,,,,,,,,
bio_1380,5,v2.8,pırıl,other,,,,,,,,,,,,,,,reduplicative
bio_1380,6,v2.8,pırıl,verb,,singular number,third person,,,positive,past tense,perfect aspect,,,indicative,passive voice,,,
bio_1380,7,v2.8,.,punctuation,,,,,,,,,,,,,,,
bio_1380,1,v2.11,her,determiner,,,,,,,,,,,,,,,
bio_1380,2,v2.11,taraf,noun,nominative,singular number,third person,,,,,,,,,,,,
bio_1380,3,v2.11,güneş,numeral,nominative,singular number,third person,,,,,,,,,,,,
bio_1380,4,v2.11,alt,numeral,locative,singular number,third person,singular number,third person,,,,,,,,,,
bio_1380,5,v2.11,pırıl,noun,nominative,singular number,third person,,,,,,,,,,,,
bio_1380,6-7,v2.11,,,,,,,,,,,,,,,,,
bio_1380,6,v2.11,pırıl,noun,nominative,singular number,third person,,,,,,,,,,,,
bio_1380,7,v2.11,y,auxiliary verb,,singular number,third person,,,,past tense,perfect aspect,,first hand,,,,,
bio_1380,8,v2.11,.,punctuation,,,,,,,,,,,,,,,
pop_1761,1,v2.8,kaş,proper noun,nominative,singular number,third person,,,,,,,,,,,,
pop_1761,2,v2.8,:,punctuation,,,,,,,,,,,,,,,
pop_1761,3,v2.8,göz,noun,genitive,singular number,third person,,,,,,,,,,,,
pop_1761,4,v2.8,hemen,adverb,,,,,,,,,,,,,,,
pop_1761,5,v2.8,üst,adjective,locative,singular number,third person,singular number,third person,,,,,,,,,,
pop_1761,6,v2.8,bir,determiner,,,,,,,,,,,,,,,
pop_1761,7,v2.8,çizgi,noun,nominative,singular number,third person,,,,,,,,,,,,
pop_1761,8,v2.8,hâl,noun,locative,singular number,third person,singular number,third person,,,,,,,,,,
pop_1761,9,v2.8,bulun,verb,,,,,,positive,present tense,,participle,,,,,,
pop_1761,10,v2.8,kaş,noun,nominative,singular number,third person,,,,,,,,,,,,
pop_1761,11,v2.8,",",punctuation,,,,,,,,,,,,,,,
pop_1761,12,v2.8,bazen,adverb,,,,,,,,,,,,,,,
pop_1761,13,v2.8,de,coordinating conjunction,,,,,,,,,,,,,,,
pop_1761,14,v2.8,şekil,adjective,nominative,singular number,third person,,,,,,,,,,,,
pop_1761,15,v2.8,ve,coordinating conjunction,,,,,,,,,,,,,,,
pop_1761,16,v2.8,iri,adjective,,,,,,,,,,,,,,,
pop_1761,17,v2.8,bir,determiner,,,,,,,,,,,,,,,
pop_1761,18,v2.8,küme,noun,nominative,singular number,third person,,,,,,,,,,,,
pop_1761,19,v2.8,ol,adposition,,,,,,,,,,,,,,,
pop_1761,20,v2.8,sırt,noun,nominative,singular number,third person,,,,,,,,,,,,
pop_1761,21,v2.8,ve,coordinating conjunction,,,,,,,,,,,,,,,
pop_1761,22,v2.8,kulunç,noun,locative,plural number,third person,,,,,,,,,,,,
pop_1761,23,v2.8,yeşer,verb,,singular number,third person,,,positive,present tense,habitual aspect,,,,,,,
pop_1761,24,v2.8,.,punctuation,,,,,,,,,,,,,,,
pop_1761,1,v2.11,kaş,noun,nominative,singular number,third person,,,,,,,,,,,,
pop_1761,2,v2.11,:,punctuation,,,,,,,,,,,,,,,
pop_1761,3,v2.11,göz,noun,genitive,singular number,third person,,,,,,,,,,,,
pop_1761,4,v2.11,hemen,adverb,,,,,,,,,,,,,,,
pop_1761,5,v2.11,üst,noun,locative,singular number,third person,singular number,third person,,,,,,,,,,
pop_1761,6,v2.11,bir,determiner,,,,,,,,,,,,,,,
pop_1761,7,v2.11,çizgi,noun,nominative,singular number,third person,,,,,,,,,,,,
pop_1761,8,v2.11,hâl,noun,locative,singular number,third person,singular number,third person,,,,,,,,,,
pop_1761,9,v2.11,bulun,verb,,,,,,positive,present tense,,participle,,,,,,
pop_1761,10,v2.11,kaş,noun,nominative,singular number,third person,,,,,,,,,,,,
pop_1761,11,v2.11,",",punctuation,,,,,,,,,,,,,,,
pop_1761,12,v2.11,bazen,adverb,,,,,,,,,,,,,,,
pop_1761,13,v2.11,de,particle,,,,,,,,,,,,,,,
pop_1761,14,v2.11,şekil,adjective,,,,,,,,,,,,,,,
pop_1761,15,v2.11,ve,coordinating conjunction,,,,,,,,,,,,,,,
pop_1761,16,v2.11,iri,adjective,,,,,,,,,,,,,,,
pop_1761,17,v2.11,bir,determiner,,,,,,,,,,,,,,,
pop_1761,18,v2.11,küme,noun,nominative,singular number,third person,,,,,,,,,,,,
pop_1761,19,v2.11,ol,auxiliary verb,,,,,,positive,,,converb,,,,,,
pop_1761,20,v2.11,sırt,noun,nominative,singular number,third person,,,,,,,,,,,,
pop_1761,21,v2.11,ve,coordinating conjunction,,,,,,,,,,,,,,,
pop_1761,22,v2.11,kulunç,noun,locative,plural number,third person,,,,,,,,,,,,
pop_1761,23,v2.11,yeşer,verb,,singular number,third person,,,positive,present tense,habitual aspect,,,,,,,
pop_1761,24,v2.11,.,punctuation,,,,,,,,,,,,,,,
ess_329,1,v2.8,birkaç,determiner,,,,,,,,,,,,,,,
ess_329,2-3,v2.8,,,,,,,,,,,,,,,,,
ess_329,2,v2.8,yıl,adverb,,,,,,,,,,,,,,,
ess_329,3,v2.8,i,auxiliary verb,,singular number,third person,,,,present tense,perfect aspect,,,generalized modality,,,,
ess_329,4,v2.8,",",punctuation,,,,,,,,,,,,,,,
ess_329,5,v2.8,Kürt,proper noun,nominative,singular number,third person,,,,,,,,,,,,
ess_329,6,v2.8,",",punctuation,,,,,,,,,,,,,,,
ess_329,7,v2.8,Kıbrıs,proper noun,nominative,singular number,third person,,,,,,,,,,,,
ess_329,8,v2.8,",",punctuation,,,,,,,,,,,,,,,
ess_329,9,v2.8,Ermeni,proper noun,nominative,singular number,third person,,,,,,,,,,,,
ess_329,10,v2.8,ve,coordinating conjunction,,,,,,,,,,,,,,,
ess_329,11,v2.8,diğer,adjective,,,,,,,,,,,,,,,
ess_329,12,v2.8,azınlık,noun,nominative,singular number,third person,,,,,,,,,,,,
ess_329,13,v2.8,sorun,noun,genitive,plural number,third person,singular number,third person,,,,,,,,,,
ess_329,14,v2.8,",",punctuation,,,,,,,,,,,,,,,
ess_329,15,v2.8,AB,noun,dative,singular number,third person,,,,,,,,,,,,
ess_329,16,v2.8,gir,noun,genitive,singular number,third person,,,positive,,,,,,,,,
ess_329,17,v2.8,",",punctuation,,,,,,,,,,,,,,,
ess_329,18,v2.8,İslam,proper noun,nominative,singular number,third person,,,,,,,,,,,,
ess_329,19,v2.8,köken,adjective,nominative,singular number,third person,,,,,,,,,,,,
ess_329,20,v2.8,bir,determiner,,,,,,,,,,,,,,,
ess_329,21,v2.8,parti,noun,genitive,singular number,third person,,,,,,,,,,,,
ess_329,22,v2.8,iktidar,noun,dative,singular number,third person,,,,,,,,,,,,
ess_329,23,v2.8,gel,noun,genitive,singular number,third person,singular number,third person,positive,,,,,,,,,
ess_329,24,v2.8,etki,adverb,,,,,,,,,,,,,,,
ess_329,25,v2.8,ve,coordinating conjunction,,,,,,,,,,,,,,,
ess_329,26,v2.8,bu,pronoun,dative,plural number,third person,,,,,,,,,,,,
ess_329,27,v2.8,tepki,noun,nominative,singular number,third person,,,,,,,,,,,,
ess_329,28,v2.8,ol,adposition,,,,,,,,,,,,,,,
ess_329,29,v2.8,",",punctuation,,,,,,,,,,,,,,,
ess_329,30,v2.8,milliyetçilik,noun,nominative,singular number,third person,,,,,,,,,,,,
ess_329,31,v2.8,yüksel,verb,dative,singular number,third person,,,positive,,,,,,,,,
ess_329,32,v2.8,başla,verb,,singular number,third person,,,positive,past tense,perfect aspect,,first hand,,,,,
ess_329,33,v2.8,.,punctuation,,,,,,,,,,,,,,,
ess_329,1,v2.11,birkaç,determiner,,,,,,,,,,,,,,,
ess_329,2-3,v2.11,,,,,,,,,,,,,,,,,
ess_329,2,v2.11,yıl,noun,nominative,singular number,third person,,,,,,,,,,,,
ess_329,3,v2.11,y,auxiliary verb,,singular number,third person,,,,present tense,perfect aspect,,,generalized modality,,,,
ess_329,4,v2.11,",",punctuation,,,,,,,,,,,,,,,
ess_329,5,v2.11,Kürt,proper noun,nominative,singular number,third person,,,,,,,,,,,,
ess_329,6,v2.11,",",punctuation,,,,,,,,,,,,,,,
ess_329,7,v2.11,Kıbrıs,proper noun,nominative,singular number,third person,,,,,,,,,,,,
ess_329,8,v2.11,",",punctuation,,,,,,,,,,,,,,,
ess_329,9,v2.11,Ermeni,proper noun,nominative,singular number,third person,,,,,,,,,,,,
ess_329,10,v2.11,ve,coordinating conjunction,,,,,,,,,,,,,,,
ess_329,11,v2.11,diğer,adjective,,,,,,,,,,,,,,,
ess_329,12,v2.11,azınlık,noun,nominative,singular number,third person,,,,,,,,,,,,
ess_329,13,v2.11,sorun,noun,genitive,plural number,third person,singular number,third person,,,,,,,,,,
ess_329,14,v2.11,",",punctuation,,,,,,,,,,,,,,,
ess_329,15,v2.11,AB,proper noun,dative,singular number,third person,,,,,,,,,,,,
ess_329,16,v2.11,gir,noun,genitive,singular number,third person,,,positive,,,,,,,,,
ess_329,17,v2.11,",",punctuation,,,,,,,,,,,,,,,
ess_329,18,v2.11,İslamcı,proper noun,nominative,singular number,third person,,,,,,,,,,,,
ess_329,19,v2.11,kökenli,adjective,,,,,,,,,,,,,,,
ess_329,20,v2.11,bir,determiner,,,,,,,,,,,,,,,
ess_329,21,v2.11,parti,noun,genitive,singular number,third person,,,,,,,,,,,,
ess_329,22,v2.11,iktidar,noun,dative,singular number,third person,,,,,,,,,,,,
ess_329,23,v2.11,gel,verb,genitive,singular number,third person,singular number,third person,positive,,,verbal noun,,,,,,
ess_329,24,v2.11,etki,noun,instrumental,singular number,third person,singular number,third person,,,,,,,,,,
ess_329,25,v2.11,ve,coordinating conjunction,,,,,,,,,,,,,,,
ess_329,26,v2.11,bu,pronoun,dative,plural number,third person,,,,,,,,,,,,
ess_329,27,v2.11,tepki,noun,nominative,singular number,third person,,,,,,,,,,,,
ess_329,28,v2.11,ol,auxiliary verb,,,,,,positive,,,converb,,imperative,,,,
ess_329,29,v2.11,",",punctuation,,,,,,,,,,,,,,,
ess_329,30,v2.11,milliyetçilik,noun,nominative,singular number,third person,,,,,,,,,,,,
ess_329,31,v2.11,yüksel,verb,dative,singular number,third person,,,positive,,,verbal noun,,,,,,
ess_329,32,v2.11,başla,verb,,singular number,third person,,,positive,past tense,perfect aspect,,first hand,,,,,
ess_329,33,v2.11,.,punctuation,,,,,,,,,,,,,,,
bio_390,1,v2.8,yarın,noun,nominative,singular number,third person,,,,,,,,,,,,
bio_390,2,v2.8,iş,noun,nominative,singular number,third person,singular number,first person,,,,,,,,,,
bio_390,3,v2.8,çok,adverb,,,,,,,,,,,,,,,
bio_390,4,v2.8,.,punctuation,,,,,,,,,,,,,,,
bio_390,1,v2.11,yarın,noun,nominative,singular number,third person,,,,,,,,,,,,
bio_390,2,v2.11,iş,noun,nominative,singular number,third person,singular number,first person,,,,,,,,,,
bio_390,3,v2.11,çok,adverb,,,,,,,,,,,,,,,
bio_390,4,v2.11,.,punctuation,,,,,,,,,,,,,,,
pop_62,1,v2.8,"""İstanbul",proper noun,nominative,singular number,third person,,,,,,,,,,,,
pop_62,2,v2.8,aslında,adverb,,,,,,,,,,,,,,,
pop_62,3,v2.8,deprem,noun,nominative,singular number,third person,,,,,,,,,,,,
pop_62,4,v2.8,kuşak,noun,genitive,singular number,third person,singular number,third person,,,,,,,,,,
pop_62,5,v2.8,tam,adverb,,,,,,,,,,,,,,,
pop_62,6-7,v2.8,,,,,,,,,,,,,,,,,
pop_62,6,v2.8,göbek,noun,locative,singular number,third person,singular number,third person,,,,,,,,,,
pop_62,7,v2.8,i,auxiliary verb,,singular number,third person,,,,past tense,perfect aspect,,non-first hand,indicative,,,,
pop_62,8,v2.8,.,punctuation,,,,,,,,,,,,,,,
pop_62,1,v2.11,"""",punctuation,,,,,,,,,,,,,,,
pop_62,2,v2.11,İstanbul,proper noun,nominative,singular number,third person,,,,,,,,,,,,
pop_62,3,v2.11,aslında,adverb,,,,,,,,,,,,,,,
pop_62,4,v2.11,deprem,noun,nominative,singular number,third person,,,,,,,,,,,,
pop_62,5,v2.11,kuşak,noun,genitive,singular number,third person,singular number,third person,,,,,,,,,,
pop_62,6,v2.11,tam,adverb,,,,,,,,,,,,,,,
pop_62,7-8,v2.11,,,,,,,,,,,,,,,,,
pop_62,7,v2.11,göbek,noun,locative,singular number,third person,singular number,third person,,,,,,,,,,
pop_62,8,v2.11,y,auxiliary verb,,singular number,third person,,,,past tense,perfect aspect,,non-first hand,indicative,,,,
pop_62,9,v2.11,.,punctuation,,,,,,,,,,,,,,,
ess_624,1,v2.8,ben,pronoun,nominative,singular number,first person,,,,,,,,,,,,
ess_624,2,v2.8,yani,coordinating conjunction,,,,,,,,,,,,,,,
ess_624,3,v2.8,nerdeyse,adverb,,,,,,,,,,,,,,,
ess_624,4,v2.8,bir,determiner,,,,,,,,,,,,,,,
ess_624,5,v2.8,Christian,noun,nominative,singular number,third person,,,,,,,,,,,,
ess_624,6,v2.8,Scientist,proper noun,nominative,singular number,third person,,,,,,,,,,,,
ess_624,7,v2.8,üye,noun,nominative,singular number,third person,singular number,third person,,,,,,,,,,
ess_624,8,v2.8,kadar,adposition,,,,,,,,,,,,,,,
ess_624,9,v2.8,"""",punctuation,,,,,,,,,,,,,,,
ess_624,10,v2.8,düşkün,noun,nominative,singular number,third person,,,,,,,,,,,,
ess_624,11,v2.8,"""",punctuation,,,,,,,,,,,,,,,
ess_624,12,v2.8,addet,verb,,singular number,first person,,,positive,present tense,habitual aspect,,,potential,passive voice,,,
ess_624,13,v2.8,doktor,noun,dative,plural number,third person,,,,,,,,,,,,
ess_624,14,v2.8,.,punctuation,,,,,,,,,,,,,,,
ess_624,1,v2.11,ben,pronoun,nominative,singular number,first person,,,,,,,,,,,personal,
ess_624,2,v2.11,yani,coordinating conjunction,,,,,,,,,,,,,,,
ess_624,3,v2.11,nerdeyse,adverb,,,,,,,,,,,,,,,
ess_624,4,v2.11,bir,determiner,,,,,,,,,,,,,,,
ess_624,5,v2.11,Christian,proper noun,nominative,singular number,third person,,,,,,,,,,,,
ess_624,6,v2.11,Scientist,proper noun,nominative,singular number,third person,,,,,,,,,,,,
ess_624,7,v2.11,üye,noun,nominative,singular number,third person,singular number,third person,,,,,,,,,,
ess_624,8,v2.11,kadar,adposition,,,,,,,,,,,,,,,
ess_624,9,v2.11,"""",punctuation,,,,,,,,,,,,,,,
ess_624,10,v2.11,düşkün,noun,accusative,singular number,third person,,,,,,,,,,,,
ess_624,11,v2.11,"""",punctuation,,,,,,,,,,,,,,,
ess_624,12,v2.11,addet,verb,,singular number,first person,,,positive,present tense,habitual aspect,,,potential,passive voice,,,
ess_624,13,v2.11,doktor,noun,dative,plural number,third person,,,,,,,,,,,,
ess_624,14,v2.11,.,punctuation,,,,,,,,,,,,,,,
