sent_id,id,tb,lemma,pos,case,number,person,mood,polarity,tense,evidentiality,verb form,aspect,pronominal type,possessor's person,possessor's number,voice,numeral type,reflexivity
ins_922,1,v2.8,"""",punctuation,,,,,,,,,,,,,,,
ins_922,2,v2.8,ATATÜRK,proper noun,nominative,singular number,third person,,,,,,,,,,,,
ins_922,3,v2.8,bu,determiner,,,,,,,,,,,,,,,
ins_922,4,v2.8,kitap,noun,accusative,plural number,third person,,,,,,,,,,,,
ins_922,5,v2.8,bir,determiner,,,,,,,,,,,,,,,
ins_922,6,v2.8,süs,noun,nominative,singular number,third person,,,,,,,,,,,,
ins_922,7,v2.8,ol,verb,,singular number,third person,imperative,positive,,,,,,,,,,
ins_922,8,v2.8,diye,adposition,,,,,,,,,,,,,,,
ins_922,9,v2.8,topla,verb,,singular number,third person,,negative,past tense,non-first hand,,,,,,,,
ins_922,10,v2.8,.,punctuation,,,,,,,,,,,,,,,
news_775,1,v2.8,"""",punctuation,,,,,,,,,,,,,,,
news_775,2,v2.8,al,verb,,,,,positive,,,,,,,,,,
news_775,3,v2.8,götür,verb,,singular number,second person,desiderative,positive,,,,,,,,,,
news_775,4,v2.8,ben,pronoun,accusative,singular number,first person,,,,,,,,,,,,
news_775,5,v2.8,ora,pronoun,dative,singular number,third person,,,,,,,,,,,,
news_775,6,v2.8,"""",punctuation,,,,,,,,,,,,,,,
news_775,1,v2.11,"""",punctuation,,,,,,,,,,,,,,,
news_775,2,v2.11,al,verb,,,,,positive,,,converb,,,,,,,
news_775,3-4,v2.11,,,,,,,,,,,,,,,,,
news_775,3,v2.11,götür,verb,,,,,positive,present tense,,participle,habitual aspect,,,,,,
news_775,4,v2.11,y,auxiliary verb,,singular number,second person,conditional,positive,,,,,,,,,,
news_775,5,v2.11,ben,pronoun,accusative,singular number,first person,,,,,,,personal,,,,,
news_775,6,v2.11,ora,pronoun,dative,singular number,third person,,,,,,,locative pronoun,,,,,
news_775,7,v2.11,"""",punctuation,,,,,,,,,,,,,,,
pop_93,1,v2.8,bu,determiner,,,,,,,,,,,,,,,
pop_93,2,v2.8,yüz,noun,ablative,singular number,third person,,,,,,,,,,,,
pop_93,3,v2.8,fiyasko,noun,nominative,singular number,third person,,,,,,,,,,,,
pop_93,4,v2.8,de,verb,nominative,,,indicative,positive,present tense,,verbal noun,perfect aspect,,,,,,
pop_93,5,v2.8,hâk,noun,nominative,singular number,third person,,,,,,,,,,,,
pop_93,6,v2.8,ol,verb,,singular number,third person,,positive,present tense,,,habitual aspect,,,,,,
pop_93,7,v2.8,.,punctuation,,,,,,,,,,,,,,,
pop_1447,1,v2.11,(,punctuation,,,,,,,,,,,,,,,
pop_1447,2,v2.11,ol,verb,,singular number,third person,,negative,present tense,,,imperfect aspect,,,,,,
pop_1447,3,v2.11,ama,coordinating conjunction,,,,,,,,,,,,,,,
pop_1447,4,v2.11,",",punctuation,,,,,,,,,,,,,,,
pop_1447,5,v2.11,böyle,adverb,,,,,,,,,,,,,,,
pop_1447,6,v2.11,de,particle,,,,,,,,,,,,,,,
pop_1447,7,v2.11,ol,verb,,singular number,third person,,negative,present tense,,,imperfect aspect,,,,,,
pop_1447,8,v2.11,abi,noun,nominative,singular number,third person,,,,,,,,,,,,
pop_1447,9,v2.11,),punctuation,,,,,,,,,,,,,,,
pop_1447,10,v2.11,.,punctuation,,,,,,,,,,,,,,,
bio_1730,1,v2.8,birden,adverb,,,,,,,,,,,,,,,
bio_1730,2,v2.8,ben,pronoun,accusative,singular number,first person,,,,,,,,,,,,
bio_1730,3,v2.8,gör,noun,ablative,singular number,third person,,positive,,,,,,third person,plural number,,,
bio_1730,4,v2.8,",",punctuation,,,,,,,,,,,,,,,
bio_1730,5,v2.8,hatırla,noun,ablative,singular number,third person,,positive,,,,,,third person,plural number,,,
bio_1730,6,v2.8,kork,verb,,singular number,first person,,positive,present tense,,,progressive aspect,,,,,,
bio_1730,7,v2.8,.,punctuation,,,,,,,,,,,,,,,
bio_1730,1,v2.11,bir,adverb,,,,,,,,,,,,,,,
bio_1730,2,v2.11,ben,pronoun,accusative,singular number,first person,,,,,,,personal,,,,,
bio_1730,3,v2.11,gör,verb,ablative,singular number,third person,,positive,,,,,,third person,plural number,,,
bio_1730,4,v2.11,",",punctuation,,,,,,,,,,,,,,,
bio_1730,5,v2.11,hatırla,verb,ablative,singular number,third person,,positive,,,,,,third person,plural number,,,
bio_1730,6,v2.11,kork,verb,,singular number,first person,,positive,present tense,,,imperfect aspect,,,,,,
bio_1730,7,v2.11,.,punctuation,,,,,,,,,,,,,,,
ins_1378,1,v2.11,kitap,noun,accusative,plural number,third person,,,,,,,,third person,plural number,,,
ins_1378,2,v2.11,oku,verb,nominative,plural number,third person,,positive,present tense,,participle,,,,,,,
ins_1378,3,v2.11,yarı,noun,genitive,singular number,third person,,,,,,,,,,,,
ins_1378,4,v2.11,Dünya,noun,accusative,singular number,third person,,,,,,,,third person,singular number,,,
ins_1378,5,v2.11,gör,verb,,singular number,third person,,positive,present tense,,,habitual aspect,,,,,,
ins_1378,6,v2.11,gibi,adposition,,,,,,,,,,,,,,,
ins_1378,7-8,v2.11,,,,,,,,,,,,,,,,,
ins_1378,7,v2.11,ol,verb,,,,,positive,,,participle,habitual aspect,,,,,,
ins_1378,8,v2.11,y,auxiliary verb,,singular number,third person,,positive,past tense,first hand,,,,,,,,
ins_1378,9,v2.11,.,punctuation,,,,,,,,,,,,,,,
ins_1049,1,v2.8,çoğu,determiner,,,,,,,,,,,,,,,
ins_1049,2,v2.8,deniz,noun,dative,singular number,third person,,,,,,,,,,,,
ins_1049,3,v2.8,gir,verb,nominative,,,,positive,,,,,,,,,,
ins_1049,4,v2.8,yer,noun,dative,singular number,third person,,,,,,,,third person,singular number,,,
ins_1049,5,v2.8,güneşle,verb,accusative,singular number,third person,,positive,,,,,,,,passive voice,,
ins_1049,6,v2.8,seç,verb,,singular number,third person,,positive,past tense,non-first hand,,,,,,,,
ins_1049,7-8,v2.8,,,,,,,,,,,,,,,,,
ins_1049,7,v2.8,gibi,adposition,,,,,,,,,,,,,,,
ins_1049,8,v2.8,i,auxiliary verb,nominative,singular number,third person,,,,,,,,,,,,
ins_1049,9,v2.8,.,punctuation,,,,,,,,,,,,,,,
ess_316,1,v2.8,anlat,verb,accusative,singular number,third person,,positive,,,,,,,,,,
ess_316,2,v2.8,",",punctuation,,,,,,,,,,,,,,,
ess_316,3,v2.8,uyan,verb,accusative,singular number,third person,,positive,,,,,,,,causative voice,,
ess_316,4,v2.8,sür,verb,nominative,,,potential,positive,,,,,,,,causative voice,,
ess_316,5,v2.8,için,adposition,,,,,,,,,,,,,,,
ess_316,6,v2.8,",",punctuation,,,,,,,,,,,,,,,
ess_316,7,v2.8,ayak,noun,locative,singular number,third person,,,,,,,,,,,,
ess_316,8,v2.8,-,punctuation,,,,,,,,,,,,,,,
ess_316,9,v2.8,diri,pronoun,nominative,singular number,third person,,,,,,,indefinite pronoun,third person,singular number,,,
ess_316,10,v2.8,kal,verb,accusative,singular number,third person,,positive,,,,,,,,,,
ess_316,11,v2.8,becer,verb,nominative,singular number,third person,,positive,,,,,,,,,,
ess_316,12,v2.8,zorunlu,noun,accusative,singular number,third person,,,,,,,,third person,singular number,,,
ess_316,13,v2.8,",",punctuation,,,,,,,,,,,,,,,
ess_316,14,v2.8,sorumlu,noun,nominative,singular number,third person,,,,,,,,third person,singular number,,,
ess_316,15,v2.8,duy,verb,ablative,,,,positive,,,,,,,,,,
ess_316,16,v2.8,...,punctuation,,,,,,,,,,,,,,,
ins_1661,1,v2.8,bir,determiner,,,,,,,,,,,,,,,
ins_1661,2,v2.8,sonra,noun,nominative,singular number,third person,,,,,,,,,,,,
ins_1661,3,v2.8,gel,noun,locative,singular number,third person,,positive,,,,,,third person,plural number,,,
ins_1661,4,v2.8,düz,noun,nominative,singular number,third person,,,,,,,,third person,singular number,,,
ins_1661,5,v2.8,daha,adverb,,,,,,,,,,,,,,,
ins_1661,6,v2.8,berbat,noun,nominative,singular number,third person,,,,,,,,,,,,
ins_1661,7,v2.8,bul,verb,,plural number,third person,,positive,past tense,non-first hand,,,,,,,,
ins_1661,8,v2.8,.,punctuation,,,,,,,,,,,,,,,
bio_1319,1,v2.8,bir,adverb,,,,,,,,,,,,,,,
bio_1319,2,v2.8,türlü,adjective,nominative,singular number,third person,,,,,,,,,,,,
bio_1319,3,v2.8,avun,verb,,singular number,third person,,negative,past tense,non-first hand,,progressive aspect,,,,,,
bio_1319,4,v2.8,.,punctuation,,,,,,,,,,,,,,,
bio_1319,1,v2.11,bir,determiner,,,,,,,,,,,,,,,
bio_1319,2,v2.11,türlü,adverb,,,,,,,,,,,,,,,
bio_1319,3-4,v2.11,,,,,,,,,,,,,,,,,
bio_1319,3,v2.11,avun,verb,,,,potential,positive,,,participle,imperfect aspect,,,,,,
bio_1319,4,v2.11,y,auxiliary verb,,singular number,third person,,positive,past tense,non-first hand,,,,,,,,
bio_1319,5,v2.11,.,punctuation,,,,,,,,,,,,,,,
pop_1154,1,v2.11,Balık,noun,nominative,singular number,third person,,,,,,,,,,,,
pop_1154,2,v2.11,kendi,pronoun,nominative,singular number,third person,,,,,,,,third person,singular number,,,
pop_1154,3,v2.11,hayal,noun,nominative,singular number,third person,,,,,,,,,,,,
pop_1154,4,v2.11,Dünya,noun,locative,singular number,third person,,,,,,,,third person,singular number,,,
pop_1154,5,v2.11,yaşa,verb,,singular number,third person,,positive,present tense,,,habitual aspect,,,,,,
pop_1154,6,v2.11,.,punctuation,,,,,,,,,,,,,,,
bio_788,1,v2.8,sabıka,noun,nominative,singular number,third person,,,,,,,,,,,,
bio_788,2,v2.8,dosya,noun,nominative,singular number,third person,,,,,,,,third person,singular number,,,
bio_788,3,v2.8,kabarık,adjective,,,,,,,,,,,,,,,
bio_788,4,v2.8,biri,adverb,,,,,,,,,,,,,,,
bio_788,5,v2.8,ol,adposition,,,,,,,,,,,,,,,
bio_788,6,v2.8,yap,verb,,singular number,first person,potential,positive,future tense,,,imperfect aspect,,,,,,
bio_788,7,v2.8,en,adverb,,,,,,,,,,,,,,,
bio_788,8,v2.8,iyi,adjective,,,,,,,,,,,,,,,
bio_788,9,v2.8,şey,noun,nominative,singular number,third person,,,,,,,,,,,,
bio_788,10,v2.8,yat,verb,,singular number,third person,,positive,future tense,,,imperfect aspect,,,,,,
bio_788,11,v2.8,yer,noun,nominative,singular number,third person,,,,,,,,,,,,
bio_788,12,v2.8,ver,verb,,,,potential,positive,present tense,,participle,,,,,,,
bio_788,13,v2.8,bir,determiner,,,,,,,,,,,,,,,
bio_788,14,v2.8,iş,noun,dative,singular number,third person,,,,,,,,,,,,
bio_788,15-16,v2.8,,,,,,,,,,,,,,,,,
bio_788,15,v2.8,gir,verb,nominative,,,,positive,,,,,,,,,,
bio_788,16,v2.8,i,auxiliary verb,nominative,singular number,third person,,,,,,,,,,,,
bio_788,17,v2.8,.,punctuation,,,,,,,,,,,,,,,
bio_482,1,v2.8,ama,coordinating conjunction,,,,,,,,,,,,,,,
bio_482,2,v2.8,şimdi,adverb,,,,,,,,,,,,,,,
bio_482,3,v2.8,fedakâr,noun,nominative,singular number,third person,,,,,,,,,,,,
bio_482,4,v2.8,sıra,noun,nominative,singular number,third person,,,,,,,,third person,singular number,,,
bio_482,5,v2.8,bent,pronoun,dative,singular number,third person,,,,,,,,,,,,
bio_482,6,v2.8,i,auxiliary verb,,singular number,third person,,positive,past tense,first hand,,perfect aspect,,,,,,
bio_482,7,v2.8,.,punctuation,,,,,,,,,,,,,,,
ess_168,1,v2.8,"""",punctuation,,,,,,,,,,,,,,,
ess_168,2,v2.8,madde,adverb,,,,,,,,,,,,,,,
ess_168,3,v2.8,madde,noun,nominative,singular number,third person,,,,,,,,,,,,
ess_168,4,v2.8,"""",punctuation,,,,,,,,,,,,,,,
ess_168,5,v2.8,ben,pronoun,dative,singular number,first person,,,,,,,,,,,,
ess_168,6,v2.8,sağ,noun,nominative,plural number,third person,,,,,,,,,,,,
ess_168,7,v2.8,cinayet,noun,nominative,singular number,third person,,,,,,,,,,,,
ess_168,8,v2.8,işle,verb,,singular number,third person,,positive,present tense,,,progressive aspect,,,,,,
ess_168,9,v2.8,de,noun,,,,,,,,,,,,,,,
ess_168,10,v2.8,.,punctuation,,,,,,,,,,,,,,,
ess_168,11,v2.8,"""",punctuation,,,,,,,,,,,,,,,
ess_168,12,v2.8,insan,noun,accusative,singular number,third person,,,,,,,,,,,,
ess_168,13,v2.8,al,verb,,,,,positive,,,,,,,,,,
ess_168,14,v2.8,uçurum,noun,ablative,singular number,third person,,,,,,,,,,,,
ess_168,15,v2.8,it,verb,,,,,positive,present tense,,participle,,,,,,,
ess_168,16,v2.8,tek,adjective,,,,,,,,,,,,,,,
ess_168,17,v2.8,şey,noun,nominative,singular number,third person,,,,,,,,,,,,
ess_168,18,v2.8,.,punctuation,,,,,,,,,,,,,,,
ess_168,1,v2.11,"""",punctuation,,,,,,,,,,,,,,,
ess_168,2,v2.11,madde,noun,nominative,singular number,third person,,,,,,,,,,,,
ess_168,3,v2.11,madde,noun,nominative,singular number,third person,,,,,,,,,,,,
ess_168,4,v2.11,"""",punctuation,,,,,,,,,,,,,,,
ess_168,5,v2.11,ben,pronoun,dative,singular number,first person,,,,,,,personal,,,,,
ess_168,6,v2.11,sağcı,noun,nominative,plural number,third person,,,,,,,,,,,,
ess_168,7,v2.11,cinayet,noun,nominative,singular number,third person,,,,,,,,,,,,
ess_168,8,v2.11,işle,verb,,singular number,third person,,positive,present tense,,,imperfect aspect,,,,,,
ess_168,9,v2.11,de,verb,,plural number,second person,,negative,present tense,,,habitual aspect,,,,causative voice,,
ess_168,10,v2.11,.,punctuation,,,,,,,,,,,,,,,
ess_168,11,v2.11,"""",punctuation,,,,,,,,,,,,,,,
ess_168,12,v2.11,insan,noun,accusative,singular number,third person,,,,,,,,,,,,
ess_168,13,v2.11,al,verb,,,,,positive,,,converb,,,,,,,
ess_168,14,v2.11,uçurum,noun,ablative,singular number,third person,,,,,,,,,,,,
ess_168,15,v2.11,it,verb,,,,,positive,present tense,,participle,,,,,,,
ess_168,16,v2.11,tek,adjective,,,,,,,,,,,,,,,
ess_168,17,v2.11,şey,noun,nominative,singular number,third person,,,,,,,,,,,,
ess_168,18,v2.11,.,punctuation,,,,,,,,,,,,,,,
bio_1401,1,v2.8,ama,coordinating conjunction,,,,,,,,,,,,,,,
bio_1401,2,v2.8,on,numeral,,,,,,,,,,,,,,cardinal number,
bio_1401,3,v2.8,üç,numeral,,,,,,,,,,,,,,cardinal number,
bio_1401,4,v2.8,on,numeral,,,,,,,,,,,,,,cardinal number,
bio_1401,5,v2.8,dört,numeral,,,,,,,,,,,,,,cardinal number,
bio_1401,6,v2.8,yaş,verb,nominative,,,indicative,positive,present tense,,verbal noun,perfect aspect,,,,,,
bio_1401,7,v2.8,gel,verb,locative,singular number,third person,,positive,past tense,,participle,perfect aspect,,first person,singular number,,,
bio_1401,8,v2.8,",",punctuation,,,,,,,,,,,,,,,
bio_1401,9,v2.8,gen,adverb,,,,,,,,,,,,,,,
bio_1401,10,v2.8,ev,noun,locative,singular number,third person,,,,,,,,,,,,
bio_1401,11,v2.8,konuş,noun,ablative,plural number,third person,,positive,,,,,,,,,,
bio_1401,12,v2.8,",",punctuation,,,,,,,,,,,,,,,
bio_1401,13,v2.8,bil,verb,,singular number,first person,,positive,past tense,first hand,,progressive aspect,,,,,,
bio_1401,14,v2.8,bu,pronoun,genitive,plural number,third person,,,,,,,,,,,,
bio_1401,15,v2.8,ol,verb,accusative,singular number,third person,,positive,past tense,,participle,perfect aspect,,third person,singular number,,,
bio_1401,16,v2.8,.,punctuation,,,,,,,,,,,,,,,
bio_902,1,v2.8,bu,pronoun,accusative,singular number,third person,,,,,,,,,,,,
bio_902,2,v2.8,de,verb,nominative,plural number,third person,,positive,present tense,,participle,,,,,,,
bio_902,3,v2.8,"""",punctuation,,,,,,,,,,,,,,,
bio_902,4,v2.8,Anadolu,proper noun,nominative,singular number,third person,,,,,,,,,,,,
bio_902,5,v2.8,çocuk,noun,nominative,plural number,third person,,,,,,,,third person,singular number,,,
bio_902,6,v2.8,"""",punctuation,,,,,,,,,,,,,,,
bio_902,7,v2.8,.,punctuation,,,,,,,,,,,,,,,
bio_531,1,v2.11,küçük,adjective,,,,,,,,,,,,,,,
bio_531,2,v2.11,çan,noun,dative,plural number,third person,,,,,,,,,,,,
bio_531,3,v2.11,çocuk,noun,nominative,plural number,third person,,,,,,,,,,,,
bio_531,4,v2.11,as,verb,,plural number,third person,,positive,past tense,non-first hand,,perfect aspect,,,,passive voice,,
bio_531,5,v2.11,",",punctuation,,,,,,,,,,,,,,,
bio_531,6,v2.11,o,pronoun,accusative,plural number,third person,,,,,,,personal,,,,,
bio_531,7,v2.11,kendi,pronoun,dative,plural number,third person,,,,,,,,third person,plural number,,,reflexive
bio_531,8,v2.11,salıncak,noun,accusative,singular number,third person,,,,,,,,,,,,
bio_531,9,v2.11,yap,verb,,,,,positive,past tense,,,perfect aspect,,,,,,
bio_531,10,v2.11,",",punctuation,,,,,,,,,,,,,,,
bio_531,11,v2.11,salla,verb,,singular number,third person,generalized modality,positive,present tense,,,progressive aspect,,,,passive voice,,
bio_531,12,v2.11,.,punctuation,,,,,,,,,,,,,,,
ess_36,1,v2.8,sonra,adverb,,,,,,,,,,,,,,,
ess_36,2,v2.8,da,coordinating conjunction,,,,,,,,,,,,,,,
ess_36,3,v2.8,yaş,verb,dative,singular number,third person,,,,,,,,,,,,
ess_36,4,v2.8,",",punctuation,,,,,,,,,,,,,,,
ess_36,5,v2.8,de,verb,,singular number,second person,,positive,present tense,,,progressive aspect,,,,,,
ess_36,6,v2.8,.,punctuation,,,,,,,,,,,,,,,
ess_36,1,v2.11,sonra,adverb,,,,,,,,,,,,,,,
ess_36,2,v2.11,da,particle,,,,,,,,,,,,,,,
ess_36,3,v2.11,yaşa,verb,,singular number,second person,imperative,positive,,,,,,,,,,
ess_36,4,v2.11,",",punctuation,,,,,,,,,,,,,,,
ess_36,5,v2.11,de,verb,,singular number,second person,,positive,present tense,,,imperfect aspect,,,,,,
ess_36,6,v2.11,.,punctuation,,,,,,,,,,,,,,,
ess_1244,1,v2.8,ya,coordinating conjunction,,,,,,,,,,,,,,,
ess_1244,2,v2.8,da,coordinating conjunction,,,,,,,,,,,,,,,
ess_1244,3,v2.8,o,pronoun,accusative,singular number,third person,,,,,,,,,,,,
ess_1244,4,v2.8,"""",punctuation,,,,,,,,,,,,,,,
ess_1244,5,v2.8,paketle,noun,,,,,,,,,,,,,,,
ess_1244,6,v2.8,"""",punctuation,,,,,,,,,,,,,,,
ess_1244,7,v2.8,bir,numeral,,,,,,,,,,,,,,cardinal number,
ess_1244,8,v2.8,bakım,noun,dative,singular number,third person,,,,,,,,,,,,
ess_1244,9,v2.8,...,punctuation,,,,,,,,,,,,,,,
ins_199,1,v2.11,iç,noun,dative,singular number,third person,,,,,,,,first person,plural number,,,
ins_199,2,v2.11,doy,verb,,singular number,third person,optative,positive,,,,,,,,,,
ins_199,3,v2.11,doy,verb,,singular number,third person,optative,positive,,,,,,,,,,
ins_199,4-5,v2.11,,,,,,,,,,,,,,,,,
ins_199,4,v2.11,çek,verb,,plural number,first person,,positive,,,participle,habitual aspect,,,,,,
ins_199,5,v2.11,y,auxiliary verb,,plural number,first person,,positive,present tense,first hand,,habitual aspect,,,,,,
ins_199,6,v2.11,bu,determiner,,,,,,,,,,,,,,,
ins_199,7,v2.11,var,noun,,singular number,third person,,positive,,,,,,,,,,
ins_199,8,v2.11,ol,verb,genitive,singular number,third person,,positive,,,verbal noun,,,,,,,
ins_199,9,v2.11,koku,noun,accusative,singular number,third person,,,,,,,,third person,singular number,,,
ins_199,10,v2.11,.,punctuation,,,,,,,,,,,,,,,
ins_1051,1,v2.8,TUBİTAK,noun,nominative,singular number,third person,,,,,,,,,,,,
ins_1051,2,v2.8,:,punctuation,,,,,,,,,,,,,,,
ins_1051,3,v2.8,alan,noun,nominative,singular number,third person,,,,,,,,,,,,
ins_1051,4,v2.8,ad(I),noun,accusative,singular number,third person,,,,,,,,third person,singular number,,,
ins_1051,5,v2.8,göster,verb,,singular number,third person,,positive,present tense,,,habitual aspect,,,,,,
ins_1051,6,v2.8,.,punctuation,,,,,,,,,,,,,,,
ins_1051,1,v2.11,TUBİTAK,proper noun,nominative,singular number,third person,,,,,,,,,,,,
ins_1051,2,v2.11,:,punctuation,,,,,,,,,,,,,,,
ins_1051,3,v2.11,alan,noun,nominative,singular number,third person,,,,,,,,,,,,
ins_1051,4,v2.11,ad,noun,accusative,singular number,third person,,,,,,,,third person,singular number,,,
ins_1051,5,v2.11,göster,verb,,singular number,third person,,positive,present tense,,,habitual aspect,,,,,,
ins_1051,6,v2.11,.,punctuation,,,,,,,,,,,,,,,
pop_315,1,v2.8,"""",punctuation,,,,,,,,,,,,,,,
pop_315,2,v2.8,anne,noun,nominative,plural number,third person,,,,,,,,,,,,
pop_315,3,v2.8,"Günü""n",noun,nominative,singular number,third person,,,,,,,,third person,singular number,,,
pop_315,4,v2.8,gerek,adjective,nominative,singular number,third person,,,,,,,,,,,,
pop_315,5,v2.8,gör,noun,,,,,,,,,,,,,,,
pop_315,6,v2.8,",",punctuation,,,,,,,,,,,,,,,
pop_315,7,v2.8,o,determiner,,,,,,,,,,,,,,,
pop_315,8,v2.8,gün,noun,nominative,singular number,third person,,,,,,,,,,,,
pop_315,9,v2.8,gel,verb,,singular number,third person,,positive,past tense,first hand,,perfect aspect,,,,,,
pop_315,10,v2.8,mi,auxiliary verb,,singular number,third person,,,present tense,,,imperfect aspect,,,,,,
pop_315,11,v2.8,fark,noun,locative,singular number,third person,,,,,,,,third person,singular number,,,
pop_315,12,v2.8,değ,verb,,singular number,third person,,positive,past tense,non-first hand,,,,,,passive voice,,
pop_315,13,v2.8,hava,noun,dative,plural number,third person,,,,,,,,third person,singular number,,,
pop_315,14,v2.8,gir,verb,,singular number,third person,,positive,present tense,first hand,,habitual aspect,,,,,,
pop_315,15,v2.8,.,punctuation,,,,,,,,,,,,,,,
pop_315,1,v2.11,"""",punctuation,,,,,,,,,,,,,,,
pop_315,2,v2.11,anne,noun,nominative,plural number,third person,,,,,,,,,,,,
pop_315,3,v2.11,"Günü""n",noun,nominative,singular number,third person,,,,,,,,third person,singular number,,,
pop_315,4,v2.11,gerek,adjective,,,,,,,,,,,,,,,
pop_315,5,v2.11,gör,verb,ablative,singular number,third person,,positive,past tense,,participle,perfect aspect,,third person,singular number,,,
pop_315,6,v2.11,",",punctuation,,,,,,,,,,,,,,,
pop_315,7,v2.11,o,determiner,,,,,,,,,,,,,,,
pop_315,8,v2.11,gün,noun,nominative,singular number,third person,,,,,,,,,,,,
pop_315,9,v2.11,gel,verb,,singular number,third person,,positive,past tense,first hand,,perfect aspect,,,,,,
pop_315,10,v2.11,mi,auxiliary verb,,singular number,third person,,,present tense,,,imperfect aspect,,,,,,
pop_315,11,v2.11,fark,noun,locative,singular number,third person,,,,,,,,third person,singular number,,,
pop_315,12,v2.11,değ,verb,,singular number,third person,,positive,past tense,non-first hand,,,,,,passive voice,,
pop_315,13,v2.11,hava,noun,dative,plural number,third person,,,,,,,,third person,singular number,,,
pop_315,14,v2.11,gir,verb,,singular number,third person,,positive,present tense,first hand,,habitual aspect,,,,,,
pop_315,15,v2.11,.,punctuation,,,,,,,,,,,,,,,
bio_1210,1,v2.11,ben,pronoun,dative,singular number,first person,,,,,,,personal,,,,,
bio_1210,2,v2.11,dön,verb,,,,,positive,,,converb,,,,,,,
bio_1210,3,v2.11,",",punctuation,,,,,,,,,,,,,,,
bio_1210,4,v2.11,Afer,interjection,,,,,,,,,,,,,,,
bio_1210,5,v2.11,LAN,interjection,,,,,,,,,,,,,,,
bio_1210,6,v2.11,güzel,adjective,,,,,,,,,,,,,,,
bio_1210,7,v2.11,iş,noun,accusative,singular number,third person,,,,,,,,,,,,
bio_1210,8-9,v2.11,,,,,,,,,,,,,,,,,
bio_1210,8,v2.11,becer,verb,,,,,positive,,,participle,habitual aspect,,,,,,
bio_1210,9,v2.11,y,auxiliary verb,,singular number,second person,,positive,past tense,first hand,,,,,,,,
bio_1210,10,v2.11,...,punctuation,,,,,,,,,,,,,,,
ess_1248,1,v2.8,bırak,verb,,singular number,third person,,negative,present tense,,,habitual aspect,,,,,,
ess_1248,2,v2.8,de,noun,,,,,,,,,,,,,,,
ess_1248,3,v2.8,çok,noun,ablative,singular number,third person,,,,,,,,,,,,
ess_1248,4,v2.8,TERKETTİ,verb,,singular number,third person,indicative,positive,past tense,,,perfect aspect,,,,causative voice,,
ess_1248,5,v2.8,",",punctuation,,,,,,,,,,,,,,,
ess_1248,6,v2.8,git,verb,,singular number,third person,,negative,present tense,,,habitual aspect,,,,,,
ess_1248,7,v2.8,sandık,verb,nominative,plural number,third person,,,,,,,,first person,singular number,,,
ess_1248,8,v2.8,MEÇHUL,proper noun,nominative,singular number,third person,,,,,,,,,,,,
ess_1248,9,v2.8,.,punctuation,,,,,,,,,,,,,,,
ess_1248,1,v2.11,bırak,verb,,singular number,third person,,negative,present tense,,participle,habitual aspect,,,,,,
ess_1248,2,v2.11,de,verb,nominative,plural number,third person,,positive,past tense,,participle,perfect aspect,,first person,singular number,,,
ess_1248,3,v2.11,çok,noun,ablative,singular number,third person,,,,,,,,,,,,
ess_1248,4,v2.11,TERKETTİ,verb,,singular number,third person,indicative,positive,past tense,,,perfect aspect,,,,causative voice,,
ess_1248,5,v2.11,",",punctuation,,,,,,,,,,,,,,,
ess_1248,6,v2.11,git,verb,,singular number,third person,,negative,present tense,,participle,habitual aspect,,,,,,
ess_1248,7,v2.11,sandık,verb,nominative,plural number,third person,,,,,,,,first person,singular number,,,
ess_1248,8,v2.11,MEÇHUL,noun,nominative,singular number,third person,,,,,,,,,,,,
ess_1248,9,v2.11,.,punctuation,,,,,,,,,,,,,,,
ess_1197,1,v2.11,"""",punctuation,,,,,,,,,,,,,,,
ess_1197,2,v2.11,inan,verb,,singular number,second person,imperative,positive,,,,,,,,,,
ess_1197,3,v2.11,ben,pronoun,accusative,singular number,first person,,,,,,,personal,,,,,
ess_1197,4,v2.11,"""",punctuation,,,,,,,,,,,,,,,
ess_1197,5,v2.11,de,verb,,singular number,third person,,positive,present tense,,,imperfect aspect,,,,,,
ess_1197,6,v2.11,",",punctuation,,,,,,,,,,,,,,,
ess_1197,7,v2.11,"""",punctuation,,,,,,,,,,,,,,,
ess_1197,8,v2.11,o,noun,nominative,singular number,third person,,,,,,,,,,,,
ess_1197,9-10,v2.11,,,,,,,,,,,,,,,,,
ess_1197,9,v2.11,yaşa,verb,,,,,positive,present tense,,participle,habitual aspect,,,,,,
ess_1197,10,v2.11,y,auxiliary verb,,singular number,third person,conditional,positive,,,,,,,,,,
ess_1197,11,v2.11,san,pronoun,dative,singular number,third person,,,,,,,personal,,,,,
ess_1197,12,v2.11,inan,verb,,singular number,first person,,positive,future tense,,,prospective aspect,,,,,,
ess_1197,13,v2.11,.,punctuation,,,,,,,,,,,,,,,
bio_1762,1,v2.11,Mahmut,proper noun,genitive,singular number,third person,,,,,,,,,,,,
bio_1762,2,v2.11,düzen,noun,nominative,singular number,third person,,,,,,,,third person,singular number,,,
bio_1762,3-4,v2.11,,,,,,,,,,,,,,,,,
bio_1762,3,v2.11,boz,verb,,,,,positive,,,participle,habitual aspect,,,,,,
bio_1762,4,v2.11,y,auxiliary verb,,singular number,third person,,positive,past tense,first hand,,,,,,,,
bio_1762,5,v2.11,.,punctuation,,,,,,,,,,,,,,,
pop_1600,1,v2.8,"""İs",noun,nominative,singular number,third person,,,,,,,,,,,,
pop_1600,2,v2.8,...,punctuation,,,,,,,,,,,,,,,
pop_1600,3,v2.8,yorgun,noun,nominative,singular number,third person,,,,,,,,first person,singular number,,,
pop_1600,4,v2.8,b,interjection,,,,,,,,,,,,,,,
pop_1600,5,v2.8,!,punctuation,,,,,,,,,,,,,,,
pop_1600,6,v2.8,"..""",punctuation,,,,,,,,,,,,,,,
ins_793,1,v2.8,bu,pronoun,accusative,singular number,third person,,,,,,,,,,,,
ins_793,2,v2.8,söyle,verb,nominative,,,,positive,,,,,,,,,,
ins_793,3,v2.8,iste,verb,,singular number,first person,,positive,past tense,first hand,,perfect aspect,,,,,,
ins_793,4,v2.8,.,punctuation,,,,,,,,,,,,,,,
ins_793,1,v2.11,bu,pronoun,accusative,singular number,third person,,,,,,,demonstrative pronoun,,,,,
ins_793,2,v2.11,söyle,verb,nominative,singular number,third person,,positive,,,verbal noun,,,,,,,
ins_793,3-4,v2.11,,,,,,,,,,,,,,,,,
ins_793,3,v2.11,iste,verb,,,,,positive,,,participle,perfect aspect,,,,,,
ins_793,4,v2.11,y,auxiliary verb,,singular number,first person,,positive,past tense,first hand,,,,,,,,
ins_793,5,v2.11,.,punctuation,,,,,,,,,,,,,,,
news_564,1,v2.8,oluş,verb,,,,,positive,present tense,,participle,,,,,passive voice,,
news_564,2,v2.8,metin,noun,genitive,singular number,third person,,,,,,,,,,,,
news_564,3,v2.8,izle,noun,nominative,plural number,third person,,positive,,,,,,,,,,
news_564,4,v2.8,taraf,noun,ablative,singular number,third person,,,,,,,,third person,singular number,,,
news_564,5,v2.8,anlam,verb,nominative,singular number,third person,,positive,,,,,,third person,singular number,passive voice,,
news_564,6,v2.8,i,auxiliary verb,,singular number,third person,conditional,positive,,,,,,,,,,
news_564,7,v2.8,zaman,noun,instrumental,singular number,third person,,,,,,,,,,,,
news_564,8,v2.8,ol,verb,,singular number,third person,,positive,present tense,,,progressive aspect,,,,,,
news_564,9,v2.8,.,punctuation,,,,,,,,,,,,,,,
news_564,1,v2.11,oluş,verb,,,,,positive,present tense,,participle,,,,,passive voice,,
news_564,2,v2.11,metin,noun,genitive,singular number,third person,,,,,,,,,,,,
news_564,3,v2.11,izle,noun,nominative,plural number,third person,,positive,,,,,,,,,,
news_564,4,v2.11,taraf,noun,ablative,singular number,third person,,,,,,,,third person,singular number,,,
news_564,5,v2.11,anlam,verb,nominative,singular number,third person,,positive,,,verbal noun,,,third person,singular number,passive voice,,
news_564,6,v2.11,i,particle,,,,,,,,,,,,,,,
news_564,7,v2.11,zaman,noun,instrumental,singular number,third person,,,,,,,,,,,,
news_564,8,v2.11,ol,verb,,singular number,third person,,positive,present tense,,,imperfect aspect,,,,,,
news_564,9,v2.11,.,punctuation,,,,,,,,,,,,,,,
bio_145,1,v2.11,bak,verb,,singular number,second person,imperative,positive,,,,,,,,,,
bio_145,2,v2.11,dirençli,adjective,,,,,,,,,,,,,,,
bio_145,3,v2.11,ol,verb,accusative,singular number,third person,,positive,past tense,,participle,perfect aspect,,third person,singular number,,,
bio_145,4,v2.11,da,particle,,,,,,,,,,,,,,,
bio_145,5-6,v2.11,,,,,,,,,,,,,,,,,
bio_145,5,v2.11,göster,verb,,,,,positive,,,participle,habitual aspect,,,,,,
bio_145,6,v2.11,y,auxiliary verb,,singular number,second person,,positive,past tense,first hand,,,,,,,,
bio_145,7,v2.11,.,punctuation,,,,,,,,,,,,,,,
bio_1103,1,v2.8,el,noun,accusative,singular number,third person,,,,,,,,third person,singular number,,,
bio_1103,2,v2.8,bel,noun,dative,singular number,third person,,,,,,,,third person,singular number,,,
bio_1103,3,v2.8,götür,noun,,,,,,,,,,,,,,,
bio_1103,4,v2.8,",",punctuation,,,,,,,,,,,,,,,
bio_1103,5,v2.8,karşı,adjective,locative,singular number,third person,,,,,,,,third person,singular number,,,
bio_1103,6,v2.8,fark,noun,nominative,singular number,third person,,,,,,,,,,,,
bio_1103,7,v2.8,et,verb,accusative,singular number,third person,,positive,future tense,,participle,imperfect aspect,,third person,singular number,,,
bio_1103,8,v2.8,bil,verb,ablative,singular number,third person,,positive,past tense,,participle,perfect aspect,,third person,singular number,,,
bio_1103,9,v2.8,çok,adverb,,,,,,,,,,,,,,,
bio_1103,10,v2.8,dikkat,adverb,,,,,,,,,,,,,,,
bio_1103,11,v2.8,davran,verb,,singular number,third person,,positive,present tense,first hand,,habitual aspect,,,,,,
bio_1103,12,v2.8,.,punctuation,,,,,,,,,,,,,,,
bio_1103,1,v2.11,el,noun,accusative,singular number,third person,,,,,,,,third person,singular number,,,
bio_1103,2,v2.11,bel,noun,dative,singular number,third person,,,,,,,,third person,singular number,,,
bio_1103,3,v2.11,götür,verb,locative,singular number,third person,,positive,past tense,,participle,perfect aspect,,third person,singular number,,,
bio_1103,4,v2.11,",",punctuation,,,,,,,,,,,,,,,
bio_1103,5,v2.11,karşı,noun,locative,singular number,third person,,,,,,,,third person,singular number,,,
bio_1103,6,v2.11,fark,noun,nominative,singular number,third person,,,,,,,,,,,,
bio_1103,7,v2.11,et,verb,accusative,singular number,third person,,positive,future tense,,participle,imperfect aspect,,third person,singular number,,,
bio_1103,8,v2.11,bil,verb,ablative,singular number,third person,,positive,past tense,,participle,perfect aspect,,third person,singular number,,,
bio_1103,9,v2.11,çok,adverb,,,,,,,,,,,,,,,
bio_1103,10,v2.11,dikkatli,adverb,,,,,,,,,,,,,,,
bio_1103,11-12,v2.11,,,,,,,,,,,,,,,,,
bio_1103,11,v2.11,davran,verb,,singular number,third person,,positive,present tense,first hand,participle,habitual aspect,,,,,,
bio_1103,12,v2.11,y,auxiliary verb,,singular number,third person,,,past tense,first hand,,perfect aspect,,,,,,
bio_1103,13,v2.11,.,punctuation,,,,,,,,,,,,,,,
bio_1705,1,v2.11,ATATÜRK,proper noun,nominative,singular number,third person,,,,,,,,,,,,
bio_1705,2-3,v2.11,,,,,,,,,,,,,,,,,
bio_1705,2,v2.11,koma,verb,locative,singular number,third person,,,,,,,,,,,,
bio_1705,3,v2.11,y,auxiliary verb,,,,indicative,,present tense,,converb,perfect aspect,,,,,,
bio_1705,4,v2.11,başucu,noun,locative,singular number,third person,,,,,,,,third person,singular number,,,
bio_1705,5,v2.11,doktor,noun,genitive,plural number,third person,,,,,,,,,,,,
bio_1705,6,v2.11,tedavi,noun,nominative,singular number,third person,,,,,,,,,,,,
bio_1705,7,v2.11,kavga,noun,nominative,singular number,third person,,,,,,,,third person,singular number,,,
bio_1705,8-9,v2.11,,,,,,,,,,,,,,,,,
bio_1705,8,v2.11,sürü,verb,,,,,positive,,,participle,imperfect aspect,,,,,,
bio_1705,9,v2.11,y,auxiliary verb,,singular number,third person,,positive,past tense,first hand,,,,,,,,
bio_1705,10,v2.11,.,punctuation,,,,,,,,,,,,,,,
